record_id,title,authors,year,venue,publication_type,doi,arxiv_id,source_url,citation_count,citation_date,domain_neurodivergent,domain_education,domain_adaptive,study_type,sample_size,population_type,input_signal,ai_method,prediction_target,evaluation_metrics,quality_rigor,quality_transfer,quality_repro_ethics,decision,decision_reason,dedup_group,reviewer,review_date,notes,scored_group,balanced_score,domain_rank
R2NE019,Neurodiversity and cognitive load in online learning: A systematic review with narrative synthesis,Anne‐Laure Le Cunff; Vincent Giampietro; Eleanor J. Dommett,2024,Educational Research Review,review_article,10.1016/j.edurev.2024.100604,,https://doi.org/10.1016/j.edurev.2024.100604,19,2026-04-10,1,1,0,,,,,,,,5,4,4,keep_high,Systematic review; Educational Research Review venue; synthesis quality.,R2NE019,,,openalex-round2,neurodivergent+education,4.3333,1
R2NE037,“I Saw Things through a Different Lens…”: An Interpretative Phenomenological Study of the Experiences of Autistic Teachers in the Irish Education System,Claire O’Neill; Neil Kenny,2023,Education Sciences,journal,10.3390/educsci13070670,,https://doi.org/10.3390/educsci13070670,15,2026-04-10,1,1,0,,,,,,,,4,4,5,keep_high,IPA autistic teachers rigorous qualitative method strong citations.,R2NE037,,,openalex-round2,neurodivergent+education,4.3333,2
R2NE038,A rapid review of supports for neurodivergent students in higher education. Implications for research and practice,Almuth McDowall; Meg Kiseleva,2024,Neurodiversity,review_article,10.1177/27546330241291769,,https://doi.org/10.1177/27546330241291769,13,2026-04-10,1,1,0,,,,,,,,4,5,4,keep_high,Rapid systematic review higher education supports evidence-based.,R2NE038,,,openalex-round2,neurodivergent+education,4.3333,3
R2NE030,Stimming as Thinking: a Critical Reevaluation of Self-Stimulatory Behavior as an Epistemic Resource for Inclusive Education,Sofia Tancredi; Dor Abrahamson,2024,Educational Psychology Review,journal,10.1007/s10648-024-09904-y,,https://doi.org/10.1007/s10648-024-09904-y,12,2026-04-10,1,1,0,,,,,,,,4,5,4,keep_high,Educational Psychology Review reframes stimming as cognitive resource.,R2NE030,,,openalex-round2,neurodivergent+education,4.3333,4
R2NE040,Square Pegs and Round Holes: Pedagogy for Autistic Students in Computing Education,Selina Marianna Shah; Catherine Elliott; Prema Nedungadi,2024,IEEE Transactions on Education,journal,10.1109/te.2023.3335395,,https://doi.org/10.1109/te.2023.3335395,11,2026-04-10,1,1,0,,,,,,,,4,5,4,keep_high,IEEE journal computing pedagogy autistic students strong venue.,R2NE040,,,openalex-round2,neurodivergent+education,4.3333,5
R2NE015,I can be a “normal” student: the role of lecture capture in supporting disabled and neurodivergent students’ participation in higher education,Chiara Horlin; Barbora Hronska; Emily Nordmann,2024,Higher Education,journal,10.1007/s10734-024-01201-5,,https://doi.org/10.1007/s10734-024-01201-5,26,2026-04-10,1,1,0,,,,,,,,4,4,4,keep_high,Lecture capture intervention; experimental design; Higher Education venue.,R2NE015,,,openalex-round2,neurodivergent+education,4.0,6
PNE004,Mapping neurodevelopmental diversity in executive function,Silvana Mareva; Lead Investigators; Duncan E. Astle; Kate Baker; Susan E. Gathercole; Joni Holmes; Joni Holmes; Rogier Kievit,2024,Cortex,journal,10.1016/j.cortex.2023.11.021,,https://doi.org/10.1016/j.cortex.2023.11.021,18,2026-04-10,1,1,0,,,,,,,,5,3,4,keep_high,Top neuroscience venue Cortex; large-scale executive function mapping.,PNE004,,,openalex-pilot-collection,neurodivergent+education,4.0,7
PNE003,The impact of visual and auditory distractions on the performance of neurodiverse students in virtual reality (VR) environments,Ibrahim Dahlstrom‐Hakki; Zachary Alstad; Jodi Asbell‐Clarke; Teon Edwards,2024,Virtual Reality,journal,10.1007/s10055-023-00933-6,,https://doi.org/10.1007/s10055-023-00933-6,16,2026-04-10,1,1,0,,,,,,,,4,4,4,keep_high,VR experiment design; Virtual Reality venue; direct intervention measure.,PNE003,,,openalex-pilot-collection,neurodivergent+education,4.0,8
R2NE035,Neurodiversity Positively Predicts Perceived Extraneous Load in Online Learning: A Quantitative Research Study,Anne‐Laure Le Cunff; Vincent Giampietro; Eleanor J. Dommett,2024,Education Sciences,journal,10.3390/educsci14050516,,https://doi.org/10.3390/educsci14050516,8,2026-04-10,1,1,0,,,,,,,,4,4,4,keep_high,Quantitative neurodiversity extraneous load online learning study.,R2NE035,,,openalex-round2,neurodivergent+education,4.0,9
R2NE036,Including neurodiversity in computational thinking,Jodi Asbell‐Clarke; Ibrahim Dahlstrom‐Hakki; John Voiklis; Bennett Attaway; Jena Barchas‐Lichtenstein; Teon Edwards; Erin Bardar; Tara Robillard,2024,Frontiers in Education,journal,10.3389/feduc.2024.1358492,,https://doi.org/10.3389/feduc.2024.1358492,7,2026-04-10,1,1,0,,,,,,,,3,5,4,keep_high,Computational thinking neurodiversity inclusion high education relevance.,R2NE036,,,openalex-round2,neurodivergent+education,4.0,10
PNE008,Learning from the Experiences of Autistic Professionals Working in Health and Education,Eleanor Curnow; Donald Maciver; Lorna Johnston; Deirdre M. Murray; Victoria Johnstone‐Cooke; Izy Utley; Natalie Jenkins; Tamsin Meff,2025,Autism in Adulthood,journal,10.1089/aut.2024.0168,,https://doi.org/10.1089/aut.2024.0168,6,2026-04-10,1,1,0,,,,,,,,4,4,4,keep_high,Autism in Adulthood venue; autistic professionals experience; high domain fit.,PNE008,,,openalex-pilot-collection,neurodivergent+education,4.0,11
R2NE014,Neurodivergent (Autism and ADHD) student experiences of access and inclusion in higher education: an ecological systems theory perspective,Luke Butcher; Stevie Lane,2024,Higher Education,journal,10.1007/s10734-024-01319-6,,https://doi.org/10.1007/s10734-024-01319-6,30,2026-04-10,1,1,0,,,,,,,,4,3,4,keep_high,Autism/ADHD inclusion experiences; Higher Education venue; strong ethics.,R2NE014,,,openalex-round2,neurodivergent+education,3.6667,12
PNE007,A Systematic Literature Review of Research-based Interventions and Strategies for Students with Disabilities in STEM and STEAM Education,Jonathan Álvarez Ariza; Carola Hernández Hernández,2025,International Journal of Science and Mathematics Education,journal,10.1007/s10763-025-10544-z,,https://doi.org/10.1007/s10763-025-10544-z,12,2026-04-10,1,1,0,,,,,,,,4,4,3,keep_high,Systematic review; STEM/STEAM for disabled students; educational relevance.,PNE007,,,openalex-pilot-collection,neurodivergent+education,3.6667,13
PNE011,Inclusive education with AI: supporting special needs and tackling language barriers,Ricardo Fitas,2025,AI and Ethics,journal,10.1007/s43681-025-00824-3,,https://doi.org/10.1007/s43681-025-00824-3,14,2026-04-10,1,1,0,,,,,,,,3,4,5,keep_medium,AI ethics focus; inclusive education framing; ethics journal credibility.,PNE011,,,openalex-pilot-collection,neurodivergent+education,4.0,14
R2NE008,"Promoting Science, Technology, and Engineering Self-Efficacy and Knowledge for All With an Autism Inclusion Maker Program",Wendy Martin; Jennifer Yu; Xin Wei; Regan Vidiksis; Kristie Patten; Ariana Riccio,2020,Frontiers in Education,journal,10.3389/feduc.2020.00075,,https://doi.org/10.3389/feduc.2020.00075,50,2026-04-10,1,1,0,,,,,,,,4,4,3,keep_medium,Maker program intervention; PLoS venue; STEM inclusion focus.,R2NE008,,,openalex-round2,neurodivergent+education,3.6667,15
PNE002,The experiences of medical students with ADHD: A phenomenological study,Megan Godfrey‐Harris; Sebastian C. K. Shaw,2023,PLoS ONE,journal,10.1371/journal.pone.0290513,,https://doi.org/10.1371/journal.pone.0290513,38,2026-04-10,1,1,0,,,,,,,,4,3,4,keep_medium,Phenomenological study in PLoS ONE; ADHD in medical students; good venue.,PNE002,,,openalex-pilot-collection,neurodivergent+education,3.6667,16
R2NE025,"“Interactive lessons are great, but too much is too much”: Hearing out neurodivergent students, Universal Design for Learning and the case for integrating more anonymous technology in higher education",Fatma Canan Durgungöz; Ahmet Durgungöz,2025,Higher Education,journal,10.1007/s10734-024-01389-6,,https://doi.org/10.1007/s10734-024-01389-6,14,2026-04-10,1,1,0,,,,,,,,4,4,3,keep_medium,UDL and anonymous technology; Higher Education; recent 2025 publication.,R2NE025,,,openalex-round2,neurodivergent+education,3.6667,17
R2NE045,Taking Students on a Strengths Safari: A Multidimensional Pilot Study of School-Based Wellbeing for Young Neurodiverse Children,Lauren H. Naples; Elizabeth D. Tuckwiller,2021,International Journal of Environmental Research and Public Health,journal,10.3390/ijerph18136947,,https://doi.org/10.3390/ijerph18136947,12,2026-04-10,1,1,0,,,,,,,,3,4,4,keep_medium,Pilot wellbeing study neurodivergent children public health journal.,R2NE045,,,openalex-round2,neurodivergent+education,3.6667,18
R2NE032,Learning with labyrinths: Neurodivergent journeying towards new concepts of care and creative pedagogy through participatory community autism research,Nicola Shaughnessy,2022,Critical Studies in Teaching and Learning,journal,10.14426/cristal.v10isi.546,,https://doi.org/10.14426/cristal.v10isi.546,9,2026-04-10,1,1,0,,,,,,,,3,4,4,keep_medium,Participatory autism research creative pedagogy ethical engagement.,R2NE032,,,openalex-round2,neurodivergent+education,3.6667,19
R2NE033,Describing the Experiences of Students with ADHD Learning Science Content with Emerging Technologies,Rebecca Hite; Gina Childers; M. Gail Jones; Elysa N. Corin; Mariana Pereyra,2021,Journal of science education for students with disabilities,journal,10.14448/jsesd.13.0012,,https://doi.org/10.14448/jsesd.13.0012,9,2026-04-10,1,1,0,,,,,,,,3,4,4,keep_medium,ADHD science learning experiences specialized education journal.,R2NE033,,,openalex-round2,neurodivergent+education,3.6667,20
R2NE043,"Evidence of mutual non-verbal synchrony in learners with severe learning disability and autism, and their support workers: a motion energy analysis study",Devyn Glass; Nicola Yuill,2024,Frontiers in Integrative Neuroscience,journal,10.3389/fnint.2024.1353966,,https://doi.org/10.3389/fnint.2024.1353966,6,2026-04-10,1,1,0,,,,,,,,4,3,4,keep_medium,Empirical synchrony analysis severe disabilities neuroscience focus.,R2NE043,,,openalex-round2,neurodivergent+education,3.6667,21
R2NE004,Experimenting With Generative AI to Create Personalized Learning Experiences for Twice-Exceptional and Multi-Exceptional Neurodivergent Students,Michelle Ronksley‐Pavia; Steven Ronksley-Pavia; Chris Bigum,2025,Journal of Advanced Academics,journal,10.1177/1932202x251346349,,https://doi.org/10.1177/1932202x251346349,1,2026-04-10,1,1,0,,,,,,,,4,4,3,keep_medium,Generative AI for personalized learning; recent 2025; direct relevance.,R2NE004,,,openalex-round2,neurodivergent+education,3.6667,22
R2NE006,Reframing neurodiversity in engineering education,Maria Chrysochoou; Arash E. Zaghi; Connie Syharat,2022,Frontiers in Education,journal,10.3389/feduc.2022.995865,,https://doi.org/10.3389/feduc.2022.995865,55,2026-04-10,1,1,0,,,,,,,,4,3,3,keep_medium,Engineering education neurodiversity; Frontiers venue; 55 citations.,R2NE006,,,openalex-round2,neurodivergent+education,3.3333,23
PNE005,"Manual assembly learning, disability, and instructions: an industrial experiment",Jaakko Peltokorpi; Steven Hoedt; Thomas Colman; Kim Rutten; El‐Houssaine Aghezzaf; Johannes Cottyn,2023,International Journal of Production Research,journal,10.1080/00207543.2023.2195957,,https://doi.org/10.1080/00207543.2023.2195957,21,2026-04-10,1,1,0,,,,,,,,3,4,3,keep_medium,Industrial application; manual learning with accessibility; production context.,PNE005,,,openalex-pilot-collection,neurodivergent+education,3.3333,24
R2NE028,EXPLORING CAREER PATHWAYS FOR PEOPLE WITH SPECIAL NEEDS IN STEM AND BEYOND,Catherine Ezeafulukwe; Oluwaseyi Rita Owolabi; Onyeka Franca Asuzu; Somtochukwu Cynthia Onyekwelu; Chinedu Ugochukwu Ike; Binaebi Gloria Bello,2024,International Journal of Applied Research in Social Sciences,journal,10.51594/ijarss.v6i2.780,,https://doi.org/10.51594/ijarss.v6i2.780,20,2026-04-10,1,1,0,,,,,,,,3,4,3,keep_medium,Career pathway study for STEM,R2NE028,,,openalex-round2,neurodivergent+education,3.3333,25
PNE006,Kids Across the Spectrums,Meryl Alper,2023,The MIT Press eBooks,journal,10.7551/mitpress/14152.001.0001,,https://doi.org/10.7551/mitpress/14152.001.0001,15,2026-04-10,1,1,0,,,,,,,,3,4,3,keep_medium,MIT Press eBook; practical guidance; neurodiversity in children.,PNE006,,,openalex-pilot-collection,neurodivergent+education,3.3333,26
R2NE031,"Perspective Chapter: Rethinking Autism Assessment, Diagnosis, and Intervention within a Neurodevelopmental Pathway Framework",Marion Rutherford; Lorna Johnston,2022,IntechOpen eBooks,journal,10.5772/intechopen.108784,,https://doi.org/10.5772/intechopen.108784,10,2026-04-10,1,1,0,,,,,,,,3,4,3,keep_medium,Integrative perspective on autism assessment diagnosis intervention.,R2NE031,,,openalex-round2,neurodivergent+education,3.3333,27
PNE019,Encouraging Awareness and Empathy for Diversity Through Experiential Practiced Simulations,Farah L. Vallera; Noor Syed,2023,International Journal of Designs for Learning,journal,10.14434/ijdl.v14i2.33679,,https://doi.org/10.14434/ijdl.v14i2.33679,4,2026-04-10,1,1,0,,,,,,,,3,4,3,keep_medium,Design learning focus; experiential simulation intervention; education application.,PNE019,,,openalex-pilot-collection,neurodivergent+education,3.3333,28
PNE014,Investigating Foreign Language Vocabulary Recognition in Children with ADHD and Autism with the Use of Eye Tracking Technology,Γεωργία Ανδρέου; Ariadni Argatzopoulou,2025,Brain Sciences,journal,10.3390/brainsci15080876,,https://doi.org/10.3390/brainsci15080876,3,2026-04-10,1,1,0,,,,,,,,3,3,4,keep_medium,Eye-tracking technology; brain sciences venue; children with ADHD/autism.,PNE014,,,openalex-pilot-collection,neurodivergent+education,3.3333,29
R2NE010,Experiences of neurodivergent students in graduate STEM programs,Connie Syharat; Alexandra Hain; Arash E. Zaghi; Rachael Gabriel; Catherine Berdanier,2023,Frontiers in Psychology,journal,10.3389/fpsyg.2023.1149068,,https://doi.org/10.3389/fpsyg.2023.1149068,37,2026-04-10,1,1,0,,,,,,,,3,3,3,keep_medium,STEM PhD student experiences; qualitative; high-quality venue.,R2NE010,,,openalex-round2,neurodivergent+education,3.0,30
R2NE024,Autistic People's Access to Bilingualism and Additional Language Learning: Identifying the Barriers and Facilitators for Equal Opportunities,Rachael Davis; Sue Fletcher‐Watson; Bérengère Galadriel Digard,2021,Frontiers in Psychology,journal,10.3389/fpsyg.2021.741182,,https://doi.org/10.3389/fpsyg.2021.741182,28,2026-04-10,1,1,0,,,,,,,,3,3,3,keep_medium,Bilingual autism barriers; Frontiers in Psychology; 28 citations.,R2NE024,,,openalex-round2,neurodivergent+education,3.0,31
R2NE020,Autism in Higher Education: dissonance between educators’ perceived knowledge and reported teaching behaviour,Rhoda von Below; Elliott Spaeth; Chiara Horlin,2021,International Journal of Inclusive Education,journal,10.1080/13603116.2021.1988159,,https://doi.org/10.1080/13603116.2021.1988159,24,2026-04-10,1,1,0,,,,,,,,3,3,3,keep_medium,Educator-student knowledge gap study; International Journal venue; 24 citations.,R2NE020,,,openalex-round2,neurodivergent+education,3.0,32
R2NE017,Neurodiversity and cognitive load in online learning: A focus group study,Anne‐Laure Le Cunff; Vincent Giampietro; Eleanor J. Dommett,2024,PLoS ONE,journal,10.1371/journal.pone.0301932,,https://doi.org/10.1371/journal.pone.0301932,21,2026-04-10,1,1,0,,,,,,,,3,3,3,keep_medium,Focus group on cognitive load; PLoS ONE; qualitative rigor.,R2NE017,,,openalex-round2,neurodivergent+education,3.0,33
R2NE026,Towards autistic flow theory: A non‐pathologising conceptual approach,Brett Heasman; Gemma Williams; Divine Charura; Lorna Hamilton; Damian Milton; Fergus Murray,2024,Journal for the Theory of Social Behaviour,journal,10.1111/jtsb.12427,,https://doi.org/10.1111/jtsb.12427,20,2026-04-10,1,1,0,,,,,,,,3,4,2,keep_medium,Theoretical framework relevant to neurodiversity,R2NE026,,,openalex-round2,neurodivergent+education,3.0,34
R2NE022,“Not a cookie cutter situation”: how neurodivergent students experience group work in their STEM courses,Sophia Salvatore; C. Dinitra White; Stephen Podowitz‐Thomas,2024,International Journal of STEM Education,journal,10.1186/s40594-024-00508-0,,https://doi.org/10.1186/s40594-024-00508-0,19,2026-04-10,1,1,0,,,,,,,,3,3,3,keep_medium,STEM group work experiences; qualitative; IJSTE publication.,R2NE022,,,openalex-round2,neurodivergent+education,3.0,35
PNE020,Beyond the One-Size-Fits-All: A Systematic Review of Personalized and Gamified e-Learning for Neurodivergent Learners,Surendra Babu T; Anu Mary Chacko; S. D. Madhu Kumar,2025,The Electronic Journal of e-Learning,journal,10.34190/ejel.23.3.4051,,https://doi.org/10.34190/ejel.23.3.4051,1,2026-04-10,1,1,0,,,,,,,,3,4,2,keep_medium,Systematic review; gamified e-learning for neurodivergent; very recent publication.,PNE020,,,openalex-pilot-collection,neurodivergent+education,3.0,36
R2NE039,The Impact of AI-Assisted Learning Tools on the Academic Performance of Students with Autism Spectrum Disorder (ASD),Pratibha Charisti; Rakesh Goyal,2025,International Journal For Multidisciplinary Research,journal,10.36948/ijfmr.2025.v07i03.45048,,https://doi.org/10.36948/ijfmr.2025.v07i03.45048,0,2026-04-10,1,1,0,,,,,,,,3,5,4,maybe,AI learning tools ASD emerging topic zero citations early publication.,R2NE039,,,openalex-round2,neurodivergent+education,4.0,37
PNE018,Taking off the mask: autistic young women's experiences with social skills in high school,Marisa Kofke,2024,"Library, Museums and Press - UDSpace (University of Delaware)",journal,10.58088/67xc-bq57,,http://udspace.udel.edu/handle/19716/24958,4,2026-04-10,1,1,0,,,,,,,,2,3,4,maybe,Thesis/dissertation; autistic women social skills; non-standard research venue.,PNE018,,,openalex-pilot-collection,neurodivergent+education,3.0,38
R2NE011,School distress and the school attendance crisis: a story dominated by neurodivergence and unmet need,Sophie E. Connolly; Hannah Constable; Sinéad L. Mullally,2023,Frontiers in Psychiatry,journal,10.3389/fpsyt.2023.1237052,,https://doi.org/10.3389/fpsyt.2023.1237052,48,2026-04-10,1,1,0,,,,,,,,3,2,3,maybe,School distress focus; moderate neurodiversity relevance only.,R2NE011,,,openalex-round2,neurodivergent+education,2.6667,39
R2NE023,"Emotionally Based School Avoidance in the Aftermath of the COVID-19 Pandemic: Neurodiversity, Agency and Belonging in School",Lorna Hamilton,2024,Education Sciences,journal,10.3390/educsci14020156,,https://doi.org/10.3390/educsci14020156,27,2026-04-10,1,1,0,,,,,,,,3,2,3,maybe,Post-COVID school avoidance; moderate transfer utility for AI education.,R2NE023,,,openalex-round2,neurodivergent+education,2.6667,40
PNE009,"AI-driven adaptive learning platforms: Enhancing educational outcomes for students with special needs through user-centric, tailored digital tools",Ayobami O. Ayeni; Rodney E. Ovbiye; Ayomide S. Onayemi; Kayode E. Ojedele,2024,World Journal of Advanced Research and Reviews,journal,10.30574/wjarr.2024.22.3.0843,,https://doi.org/10.30574/wjarr.2024.22.3.0843,6,2026-04-10,1,1,0,,,,,,,,2,4,2,maybe,Low-impact venue; AI-adaptive platforms without venue credibility validation.,PNE009,,,openalex-pilot-collection,neurodivergent+education,2.6667,41
PNE012,Embracing the Irreplaceable: The Role of Neurodiversity in Cultivating Human-AI Symbiosis in Education,Piper Hutson,2024,International Journal of Emerging and Disruptive Innovation in Education VISIONARIUM,journal,10.62608/2831-3550.1020,,https://doi.org/10.62608/2831-3550.1020,4,2026-04-10,1,1,0,,,,,,,,2,3,3,maybe,New venue; emerging innovation focus; limited empirical evidence or citations.,PNE012,,,openalex-pilot-collection,neurodivergent+education,2.6667,42
PNE013,Neurodiverse Education and Chatbots as Personalized Learning Tools: Opening the Research Agenda,Ujjal Mukherjee,2025,Journal of Informatics Education and Research,journal,10.52783/jier.v5i1.2065,,https://doi.org/10.52783/jier.v5i1.2065,3,2026-04-10,1,1,0,,,,,,,,2,4,2,maybe,Very low citations; chatbots and neurodiversity; new journal unproven impact.,PNE013,,,openalex-pilot-collection,neurodivergent+education,2.6667,43
PNE015,"Examining Access and Inclusion in STEM Fields in Higher Education: Digital Learning Environments, Personalized Learning, and Institutional Change to Advance Educational Opportunity",Kimberly Cook-Chennault,2025,Education and human development,journal,10.5772/intechopen.1010267,,https://doi.org/10.5772/intechopen.1010267,2,2026-04-10,1,1,0,,,,,,,,2,4,2,maybe,Only 2 citations; very recent; higher education STEM; insufficient evidence.,PNE015,,,openalex-pilot-collection,neurodivergent+education,2.6667,44
R2NE034,Multidisciplinary Collaboration of English as a Foreign Language and Universal Design for Learning for Neurodivergent Students,Arthurson Devon,2025,Institutional Repositories DataBase (IRDB),journal,,,https://hakuoh.repo.nii.ac.jp/records/2000436,0,2026-04-10,1,1,0,,,,,,,,2,3,3,maybe,Institutional repository zero citations,R2NE034,,,openalex-round2,neurodivergent+education,2.6667,45
PNE010,Rational inattention: A new theory of neurodivergent information seeking,Samuel David Jones; Manon Jones; Kami Koldewyn; Gert Westermann,2024,Developmental Science,journal,10.1111/desc.13492,,https://doi.org/10.1111/desc.13492,5,2026-04-10,1,1,0,,,,,,,,3,2,2,maybe,Theoretical contribution; developmental science; limited direct application.,PNE010,,,openalex-pilot-collection,neurodivergent+education,2.3333,46
R2NE007,Unraveling Neurodiversity: Insights from Neuroscientific Perspectives,Hagar Goldberg,2023,Encyclopedia,journal,10.3390/encyclopedia3030070,,https://doi.org/10.3390/encyclopedia3030070,50,2026-04-10,1,1,0,,,,,,,,2,2,2,maybe,Encyclopedia entry; review synthesis without original research.,R2NE007,,,openalex-round2,neurodivergent+education,2.0,47
R2NE013,A Reflective Analysis on Neurodiversity and Student Wellbeing,Elliott Spaeth; Amy Pearson,2023,Journal of Perspectives in Applied Academic Practice,journal,10.56433/jpaap.v11i2.517,,https://doi.org/10.56433/jpaap.v11i2.517,30,2026-04-10,1,1,0,,,,,,,,2,2,2,maybe,Reflective analysis; insufficient empirical rigor for high rating.,R2NE013,,,openalex-round2,neurodivergent+education,2.0,48
PNE001,Guest editorial: Introduction to the special issue – learning with social media in an algorithmic age: opportunities and challenges for education,Christine Greenhow; K. Bret Staudt Willet; Jeffrey P. Carpenter,2024,Information and Learning Sciences,journal,10.1108/ils-10-2024-267,,https://doi.org/10.1108/ils-10-2024-267,1,2026-04-10,1,1,0,,,,,,,,2,2,2,maybe,Editorial introduction; literature review without empirical data or methods.,PNE001,,,openalex-pilot-collection,neurodivergent+education,2.0,49
R2NE002,Neurodiverse inclusive social work education considered through a student partnership,Yasmine Salisbury; Richard W. Foster; S. Laurie Hill; Gillian Buck,2024,Social Work Education,journal,10.1080/02615479.2024.2378915,,https://doi.org/10.1080/02615479.2024.2378915,1,2026-04-10,1,1,0,,,,,,,,2,2,2,maybe,Social work education case; lacking empirical design documentation.,R2NE002,,,openalex-round2,neurodivergent+education,2.0,50
R2NE041,NEURODIVERGENT LEARNING IN THE ADAPTIVE METAVERSE: BRIDGING SENSORY MODULATION AND SOCIAL COGNITION,Paulo Roberto Ramos; Ednaldo Ferreira Tôrres; Fabiana Pionório Tôrres; Thalyta Evans Barros Melo; Pedro Paulo da Cunha; Anne Luiza Duarte Batista Freire; Tatiana da Silva Gomes; Rodrigo Almeida Ferreira,2026,Revista Tópicos.,journal,10.70773/revistatopicos/774930525,,https://doi.org/10.70773/revistatopicos/774930525,0,2026-04-10,1,1,0,,,,,,,,2,4,2,exclude,Metaverse emerging tech zero citations future date ethical unclear.,R2NE041,,,openalex-round2,neurodivergent+education,2.6667,51
R2NE003,Compassionate pedagogy for neurodiversity in higher education: A conceptual analysis,Lorna Hamilton; Stephanie Petty,2023,Frontiers in Psychology,journal,10.3389/fpsyg.2023.1093290,,https://doi.org/10.3389/fpsyg.2023.1093290,140,2026-04-10,1,1,0,,,,,,,,2,2,1,exclude,Conceptual analysis without empirical data or methods.,R2NE003,,,openalex-round2,neurodivergent+education,1.6667,52
R2NE009,Reimagining adolescent well-being through yoga as a public health paradigm,Anithamol Babu; Akhil P. Joseph; J. L. BOSE; Kalpana Sarathy,2026,Frontiers in Psychiatry,journal,10.3389/fpsyt.2025.1691915,,https://doi.org/10.3389/fpsyt.2025.1691915,1,2026-04-10,1,1,0,,,,,,,,2,1,2,exclude,Yoga wellness; weak AI education neurodiversity integration.,R2NE009,,,openalex-round2,neurodivergent+education,1.6667,53
R2NA026,Females with ADHD: An expert consensus statement taking a lifespan approach providing guidance for the identification and treatment of attention-deficit/ hyperactivity disorder in girls and women,Susan Young; Nicoletta Adamo; Bryndís Björk Ásgeirsdóttir; Polly Branney; Michelle Beckett; William Colley; Sally Cubbin; Quinton Deeley,2020,BMC Psychiatry,journal,10.1186/s12888-020-02707-9,,https://doi.org/10.1186/s12888-020-02707-9,446,2026-04-10,1,0,1,,,,,,,,5,5,4,keep_high,Highly cited expert consensus with strong authority.,R2NA026,,,openalex-round2,neurodivergent+adaptive,4.6667,1
R2NA029,A Review of Machine Learning and Deep Learning Approaches on Mental Health Diagnosis,Ngumimi Karen Iyortsuun; Soo-Hyung Kim; Min Jhon; Hyung-Jeong Yang; Sudarshan Pant,2023,Healthcare,review_article,10.3390/healthcare11030285,,https://doi.org/10.3390/healthcare11030285,250,2026-04-10,1,0,1,,,,,,,,4,5,4,keep_high,High-citation AI mental-health review with transferable methods.,R2NA029,,,openalex-round2,neurodivergent+adaptive,4.3333,2
R2NA033,Effectiveness of Virtual/Augmented Reality–Based Therapeutic Interventions on Individuals With Autism Spectrum Disorder: A Comprehensive Meta-Analysis,Behnam Karami; Roxana Koushki; Fariba Arabgol; Maryam Rahmani; Abdol‐Hossein Vahabie,2021,Frontiers in Psychiatry,journal,10.3389/fpsyt.2021.665326,,https://doi.org/10.3389/fpsyt.2021.665326,151,2026-04-10,1,0,1,,,,,,,,5,4,4,keep_high,Meta-analysis with strong evidence synthesis quality.,R2NA033,,,openalex-round2,neurodivergent+adaptive,4.3333,3
R2NA032,ADHD and Technology Research – Investigated by Neurodivergent Readers,Katta Spiel; Eva Hornecker; Anna Williams; Judith Good,2022,CHI Conference on Human Factors in Computing Systems,journal,10.1145/3491102.3517592,,https://doi.org/10.1145/3491102.3517592,120,2026-04-10,1,0,1,,,,,,,,4,4,5,keep_high,CHI work with strong participatory ethics.,R2NA032,,,openalex-round2,neurodivergent+adaptive,4.3333,4
R2NA035,"A systematic review evaluating the implementation of technologies to assess, monitor and treat neurodevelopmental disorders: A map of the current evidence",Althea Valentine; Beverley J Brown; Madeleine J. Groom; Emma Young; Chris Hollis; Charlotte L Hall,2020,Clinical Psychology Review,review_article,10.1016/j.cpr.2020.101870,,https://doi.org/10.1016/j.cpr.2020.101870,102,2026-04-10,1,0,1,,,,,,,,5,4,4,keep_high,Systematic review with high citations and comprehensive evidence.,R2NA035,,,openalex-round2,neurodivergent+adaptive,4.3333,5
R2NA043,Cognitive training with fully immersive virtual reality in patients with neurological and psychiatric disorders: A systematic review of randomized controlled trials,Frida Simon Jahn; Marie Skovbye; Kia Obenhausen; Andreas Elleby Jespersen; Kamilla Woznica Miskowiak,2021,Psychiatry Research,review_article,10.1016/j.psychres.2021.113928,,https://doi.org/10.1016/j.psychres.2021.113928,91,2026-04-10,1,0,1,,,,,,,,5,4,4,keep_high,High-impact systematic review on VR cognitive training.,R2NA043,,,openalex-round2,neurodivergent+adaptive,4.3333,6
R2NA045,A Virtual Reality Based System for the Screening and Classification of Autism,Marta Robles; Negar Namdarian; Julia Otto; Evelyn Wassiljew; Nassir Navab; Christine M. Falter‐Wagner; Daniel Roth,2022,IEEE Transactions on Visualization and Computer Graphics,journal,10.1109/tvcg.2022.3150489,,https://doi.org/10.1109/tvcg.2022.3150489,59,2026-04-10,1,0,1,,,,,,,,4,5,4,keep_high,IEEE VR-ASD screening application with strong transfer.,R2NA045,,,openalex-round2,neurodivergent+adaptive,4.3333,7
R2NA042,Clinical practice guidelines on cognitive impairment and ADHD-Assessment and Management,Savita Malhotra; M. Thomas Kishore; Avinash De Sousa,2025,Indian Journal of Psychiatry,journal,10.4103/indianjpsychiatry.indianjpsychiatry_720_24,,https://doi.org/10.4103/indianjpsychiatry.indianjpsychiatry_720_24,1,2026-04-10,1,0,1,,,,,,,,5,4,4,keep_high,Recent clinical guideline on ADHD cognitive assessment.,R2NA042,,,openalex-round2,neurodivergent+adaptive,4.3333,8
R2NA027,"Disability digital divide: the use of the internet, smartphones, computers and tablets among people with disabilities in Sweden",Stefan Johansson; Jan Gulliksen; Catharina Gustavsson,2020,Universal Access in the Information Society,journal,10.1007/s10209-020-00714-x,,https://doi.org/10.1007/s10209-020-00714-x,200,2026-04-10,1,0,1,,,,,,,,4,4,4,keep_high,Large population evidence on digital accessibility barriers.,R2NA027,,,openalex-round2,neurodivergent+adaptive,4.0,9
R2NA028,A Review of Machine Learning Methods of Feature Selection and Classification for Autism Spectrum Disorder,Md. Mokhlesur Rahman; Opeyemi Lateef Usman; Ravie Chandren Muniyandi; Shahnorbanun Sahran; Suziyani Mohamed; Rogayah A. Razak,2020,Brain Sciences,review_article,10.3390/brainsci10120949,,https://doi.org/10.3390/brainsci10120949,169,2026-04-10,1,0,1,,,,,,,,4,4,4,keep_high,High-citation ML feature-selection review for autism.,R2NA028,,,openalex-round2,neurodivergent+adaptive,4.0,10
PNA019,Guidance for identification and treatment of individuals with attention deficit/hyperactivity disorder and autism spectrum disorder based upon expert consensus,Susan Young; Jack Hollingdale; Michael Absoud; Patrick Bolton; Polly Branney; William Colley; Emily Craze; Mayuri Dave,2020,BMC Medicine,journal,10.1186/s12916-020-01585-y,,https://doi.org/10.1186/s12916-020-01585-y,155,2026-04-10,1,0,1,,,,,,,,4,4,4,keep_high,High-impact clinical guidance for ADHD/ASD.,PNA019,,,openalex-pilot-collection,neurodivergent+adaptive,4.0,11
R2NA031,Augmented Reality for Learning of Children and Adolescents With Autism Spectrum Disorder (ASD): A Systematic Review,Kamran Khowaja; Bilikis Banire; Dena Al‐Thani; Mohammed Tahri Sqalli; Aboubakr Aqle; Asadullah Shah; Siti Salwah Salim,2020,IEEE Access,review_article,10.1109/access.2020.2986608,,https://doi.org/10.1109/access.2020.2986608,142,2026-04-10,1,0,1,,,,,,,,4,4,4,keep_high,Strong AR systems review and design completeness.,R2NA031,,,openalex-round2,neurodivergent+adaptive,4.0,12
R2NA012,"Me, My Health, and My Watch: How Children with ADHD Understand Smartwatch Health Data",Elizabeth Ankrah; Franceli L. Cibrian; Lucas M. Silva; Arya Tavakoulnia; Jesús A. Beltrán; Sabrina Schuck; Kimberley D. Lakes; Gillian R. Hayes,2022,ACM Transactions on Computer-Human Interaction,journal,10.1145/3577008,,https://doi.org/10.1145/3577008,32,2026-04-10,1,0,1,,,,,,,,4,4,4,keep_high,ACM venue and cited wearable-device mental health evidence.,R2NA012,,,openalex-round2,neurodivergent+adaptive,4.0,13
R2NA009,Assistive Technology for Adults on the Autism Spectrum: A Systematic Survey,Manhua Wang; Myounghoon Jeon,2023,International Journal of Human-Computer Interaction,journal,10.1080/10447318.2022.2163568,,https://doi.org/10.1080/10447318.2022.2163568,23,2026-04-10,1,0,1,,,,,,,,4,4,4,keep_high,Systematic review with strong relevance to assistive technologies.,R2NA009,,,openalex-round2,neurodivergent+adaptive,4.0,14
PNA006,Cognitive load and neurodiversity in online education: a preliminary framework for educational research and policy,Anne‐Laure Le Cunff; Brandon-Lee Martis; Caitlin M. Glover; E Ahmed; Rhian M. Ford; Vincent Giampietro; Eleanor J. Dommett,2025,Frontiers in Education,journal,10.3389/feduc.2024.1437673,,https://doi.org/10.3389/feduc.2024.1437673,16,2026-04-10,1,0,1,,,,,,,,4,4,4,keep_high,Framework paper on cognitive load in online neurodivergent education.,PNA006,,,openalex-pilot-collection,neurodivergent+adaptive,4.0,15
PNA009,Adult Autism Research Priorities and Conceptualization in Computing Research: Invitation to Co-lead with Autistic Adults,Dafne Zuleima Morgado Ramírez; Giulia Barbareschi; Catherine Holloway,2024,ACM Transactions on Computer-Human Interaction,journal,10.1145/3635148,,https://doi.org/10.1145/3635148,10,2026-04-10,1,0,1,,,,,,,,3,4,5,keep_high,Co-design framework with autistic adults in computing research.,PNA009,,,openalex-pilot-collection,neurodivergent+adaptive,4.0,16
R2NA019,Multisite usability and safety trial of an immersive virtual reality implementation of a work organization system for autistic learners: implications for technology design,Gerardo Herrera; Lucía Vera; Patricia Pérez-Fuster; Arturo López-Fernández; Álvaro López; Ümit Savaş-Taşkesen; Nigel Newbutt,2024,Educational Technology Research and Development,journal,10.1007/s11423-024-10422-5,,https://doi.org/10.1007/s11423-024-10422-5,6,2026-04-10,1,0,1,,,,,,,,4,4,4,keep_high,Multi-site VR safety trial with medical publication rigor.,R2NA019,,,openalex-round2,neurodivergent+adaptive,4.0,17
R2NA040,Evaluation of an artificial intelligence-based medical device for diagnosis of autism spectrum disorder,Jonathan Thomas Megerian; Sangeeta Dey; Raun D. Melmed; Daniel L. Coury; Marc Lerner; Christopher J. Nicholls; Kristin Sohl; Rambod Rouhbakhsh,2022,npj Digital Medicine,journal,10.1038/s41746-022-00598-6,,https://doi.org/10.1038/s41746-022-00598-6,97,2026-04-10,1,0,1,,,,,,,,4,4,3,keep_high,Well-cited AI-autism diagnosis review with transfer value.,R2NA040,,,openalex-round2,neurodivergent+adaptive,3.6667,18
PNA008,Predictors of Health-Related Quality of Life in Neurodivergent Children: A Systematic Review,Maryam Mahjoob; Tithi Paul; Julia Carbone; Harshit Bokadia; Robyn E. Cardy; Souraiya Kassam; Evdokia Anagnostou; Brendan F. Andrade,2023,Clinical Child and Family Psychology Review,review_article,10.1007/s10567-023-00462-3,,https://doi.org/10.1007/s10567-023-00462-3,20,2026-04-10,1,0,1,,,,,,,,4,3,4,keep_high,Systematic review on neurodivergent children quality of life.,PNA008,,,openalex-pilot-collection,neurodivergent+adaptive,3.6667,19
PNA020,The Role of Alpha Oscillations among the Main Neuropsychiatric Disorders in the Adult and Developing Human Brain: Evidence from the Last 10 Years of Research,Giuseppe Ippolito; Riccardo Bertaccini; Luca Tarasi; Francesco Di Gregorio; Jelena Trajkovic; Simone Battaglia; Vincenzo Romei,2022,Biomedicines,journal,10.3390/biomedicines10123189,,https://doi.org/10.3390/biomedicines10123189,119,2026-04-10,1,0,1,,,,,,,,4,3,4,keep_medium,Highly cited neurobiology review with indirect transfer.,PNA020,,,openalex-pilot-collection,neurodivergent+adaptive,3.6667,20
R2NA041,Exploring sensory phenotypes in autism spectrum disorder,Nichole E. Scheerer; Kristina Curcin; Bobby Stojanoski; Evdokia Anagnostou; Rob Nicolson; Elizabeth Kelley; Stelios Georgiades; Xudong Liu,2021,Molecular Autism,journal,10.1186/s13229-021-00471-5,,https://doi.org/10.1186/s13229-021-00471-5,60,2026-04-10,1,0,1,,,,,,,,4,3,4,keep_medium,Good journal quality with medium practical transfer.,R2NA041,,,openalex-round2,neurodivergent+adaptive,3.6667,21
PNA007,Integrating virtual reality into ADHD therapy: advancing clinical evidence and implementation strategies,Anithamol Babu; Akhil P. Joseph,2025,Frontiers in Psychiatry,journal,10.3389/fpsyt.2025.1591504,,https://doi.org/10.3389/fpsyt.2025.1591504,7,2026-04-10,1,0,1,,,,,,,,3,4,4,keep_medium,VR intervention for ADHD with implementation strategies.,PNA007,,,openalex-pilot-collection,neurodivergent+adaptive,3.6667,22
R2NA034,Artificial intelligence in positive mental health: a narrative review,Anoushka Thakkar; Ankita Gupta; Avinash De Sousa,2024,Frontiers in Digital Health,review_article,10.3389/fdgth.2024.1280235,,https://doi.org/10.3389/fdgth.2024.1280235,189,2026-04-10,1,0,1,,,,,,,,3,4,3,keep_medium,Broad AI mental-health review with moderate depth.,R2NA034,,,openalex-round2,neurodivergent+adaptive,3.3333,23
R2NA038,"ToM &amp; ASD: The interconnection of Theory of Mind with the social-emotional, cognitive development of children with Autism Spectrum Disorder. The use of ICTs as an alternative form of intervention in ASD",Victoria Bamicha; Athanasios Drigas,2022,Technium Social Sciences Journal,journal,10.47577/tssj.v33i1.6845,,https://doi.org/10.47577/tssj.v33i1.6845,86,2026-04-10,1,0,1,,,,,,,,3,5,2,keep_medium,ASD ICT intervention relevance with moderate quality.,R2NA038,,,openalex-round2,neurodivergent+adaptive,3.3333,24
R2NA044,A Machine Learning Way to Classify Autism Spectrum Disorder,R. Sujatha; Aarthy Seshadri Lakshminarayanan; Jyotir Moy Chatterjee; Abdulellah A. Alaboudi; N. Z. Jhanjhi,2021,International Journal of Emerging Technologies in Learning (iJET),journal,10.3991/ijet.v16i06.19559,,https://doi.org/10.3991/ijet.v16i06.19559,56,2026-04-10,1,0,1,,,,,,,,3,5,2,keep_medium,ML autism classification applicability with moderate rigor.,R2NA044,,,openalex-round2,neurodivergent+adaptive,3.3333,25
PNA004,The Future of Laboratory Chemistry Learning and Teaching Must be Accessible,Orielia Pria Egambaram; Kira L. F. Hilton; Jennifer Leigh; Robert C. Richardson; Julia P. Sarju; Anna G. Slater; Bethan Turner,2022,Journal of Chemical Education,journal,10.1021/acs.jchemed.2c00328,,https://doi.org/10.1021/acs.jchemed.2c00328,49,2026-04-10,1,0,1,,,,,,,,3,3,4,keep_medium,Established education journal with cited accessibility focus.,PNA004,,,openalex-pilot-collection,neurodivergent+adaptive,3.3333,26
PNA011,An Experience Sensitive Approach to Care With and for Autistic Children and Young People in Clinical Services,Elaine McGreevy; Alexis Quinn; Roslyn Law; Monique Botha; Mairi Evans; Kieran Rose; Ruth Moyse; Tiegan Boyens,2024,Journal of Humanistic Psychology,journal,10.1177/00221678241232442,,https://doi.org/10.1177/00221678241232442,12,2026-04-10,1,0,1,,,,,,,,3,3,4,keep_medium,Humanistic approach for autism care in clinical services.,PNA011,,,openalex-pilot-collection,neurodivergent+adaptive,3.3333,27
PNA002,Adaptive Neuro-Affective Engagement via Bayesian Feedback Learning in Serious Games for Neurodivergent Children,Diego R. Faria; Pedro Paulo da Silva Ayrosa,2025,Applied Sciences,journal,10.3390/app15137532,,https://doi.org/10.3390/app15137532,2,2026-04-10,1,0,1,,,,,,,,3,4,3,keep_medium,Recent empirical study on adaptive learning for neurodivergent children.,PNA002,,,openalex-pilot-collection,neurodivergent+adaptive,3.3333,28
R2NA021,"The Nexus of AR/VR, AI, UI/UX, and Robotics Technologies in Enhancing Learning and Social Interaction for Children with Autism Spectrum Disorders: A Systematic Review",Biplov Paneru,2024,arXiv (Cornell University),review_article,10.48550/arxiv.2409.18162,2409.18162,http://arxiv.org/abs/2409.18162,2,2026-04-10,1,0,1,,,,,,,,3,4,3,keep_medium,Recent review covering AR/VR/AI/robotics interventions.,R2NA021,,,openalex-round2,neurodivergent+adaptive,3.3333,29
PNA005,"Breaking barriers, building futures: Inclusive workplaces for autistic people",Chiara Failla; Paola Chilà; Dario Baluci; Carmelo Caporlingua; Alessandro Meduri; Giovanni Pioggia; Flavia Marino,2025,Frontiers in Psychiatry,journal,10.3389/fpsyt.2025.1606075,,https://doi.org/10.3389/fpsyt.2025.1606075,1,2026-04-10,1,0,1,,,,,,,,3,4,3,keep_medium,Recent autism-focused research in psychiatry journal.,PNA005,,,openalex-pilot-collection,neurodivergent+adaptive,3.3333,30
R2NA039,"""Parents' views Questionnaire for the education of emotions in Autism Spectrum Disorder"" in a Greek context and the role of ICTs",Irene Chaidi; Athanasios Drigas,2022,Technium Social Sciences Journal,journal,10.47577/tssj.v33i1.6878,,https://doi.org/10.47577/tssj.v33i1.6878,82,2026-04-10,1,0,1,,,,,,,,3,4,2,keep_medium,ASD emotion-education relevance and moderate citations.,R2NA039,,,openalex-round2,neurodivergent+adaptive,3.0,31
R2NA014,Understanding Autistic Adults' Use of Social Media,Martine van Driel; John Vines; Belén Barros Pena; Nelya Koteyko,2023,Proceedings of the ACM on Human-Computer Interaction,journal,10.1145/3610048,,https://doi.org/10.1145/3610048,16,2026-04-10,1,0,1,,,,,,,,3,3,3,keep_medium,Qualitative autism social-media use study with moderate transfer.,R2NA014,,,openalex-round2,neurodivergent+adaptive,3.0,32
R2NA036,"Repeated stimulation of the dorsolateral-prefrontal cortex improves executive dysfunctions and craving in drug addiction: A randomized, double-blind, parallel-group study",Jaber Alizadehgoradel; Vahid Nejati; Fariba Sadeghi Movahed; Saeed Imani; Mina Taherifard; Mohsen Mosayebi-Samani; Carmelo M. Vicario; Michael A. Nitsche,2020,Brain stimulation,journal,10.1016/j.brs.2019.12.028,,https://doi.org/10.1016/j.brs.2019.12.028,134,2026-04-10,1,0,1,,,,,,,,5,2,3,maybe,Rigorous RCT but addiction focus weakly aligned.,R2NA036,,,openalex-round2,neurodivergent+adaptive,3.3333,33
R2NA003,Recent Advances in AI for Inclusive Web Design: A Performance-Optimized Framework for Real-Time Accessibility Adaptations for Neurodivergent Users,Ashish Gautam; Suman Thapaliya,2025,Journal of Engineering Issues and Solutions,journal,10.3126/joeis.v4i1.81607,,https://doi.org/10.3126/joeis.v4i1.81607,0,2026-04-10,1,0,1,,,,,,,,2,5,3,maybe,AI inclusive web design zero citations practical relevance unproven.,R2NA003,,,openalex-round2,neurodivergent+adaptive,3.3333,34
R2NA007,Designing Inclusive Hybrid Learning Using Eye-Tracking and Adaptive UX: A Neuroadaptive Framework,Alida Ntahonkiriye; Charles Ndikumana; Denise Mutoni,2025,Journal Emerging Technologies in Education,journal,10.70177/jete.v3i3.2233,,https://doi.org/10.70177/jete.v3i3.2233,0,2026-04-10,1,0,1,,,,,,,,2,5,3,maybe,Eye-tracking hybrid learning zero citations emerging technology unvalidated.,R2NA007,,,openalex-round2,neurodivergent+adaptive,3.3333,35
R2NA022,Digital divides in nursing students: an exploration of the relationship between self-perceived digital competencies and digital barriers,Konstantina Martzoukou; Errol Sadullah Luders; Fiona Work; Πέτρος Κωσταγιόλας; Neil Johnson,2025,Journal of Documentation,journal,10.1108/jd-09-2024-0209,,https://doi.org/10.1108/jd-09-2024-0209,3,2026-04-10,1,0,1,,,,,,,,3,3,3,maybe,Nursing student digital-diversity study with indirect fit.,R2NA022,,,openalex-round2,neurodivergent+adaptive,3.0,36
R2NA010,WING: An Adaptive and Gamified Mobile Learning Platform for Neurodivergent Literacy,Mirella Emily Bezerra Santana; Cauã Otaviano Jordão; Vitória Karoline Justino dos Santos; Leonardo José Oliveira Ibiapina; Guilherme Silva; MANOELA MOREIRA CAVALCANTI; Lucas Rodrigues de Farias,2025,ArXiv.org,preprint,10.48550/arxiv.2512.16067,2512.16067,http://arxiv.org/abs/2512.16067,0,2026-04-10,1,0,1,,,,,,,,3,4,2,maybe,Preprint platform description with limited peer-reviewed validation.,R2NA010,,,openalex-round2,neurodivergent+adaptive,3.0,37
R2NA037,Understanding basic concepts of developmental diagnosis in children,Kelly Brown; Sonia Parikh; Dilip R. Patel,2020,Translational Pediatrics,journal,10.21037/tp.2019.11.04,,https://doi.org/10.21037/tp.2019.11.04,111,2026-04-10,1,0,1,,,,,,,,2,4,2,maybe,Conceptual overview with limited empirical support.,R2NA037,,,openalex-round2,neurodivergent+adaptive,2.6667,38
R2NA025,Integrating AI into ADHD Therapy: Insights from ChatGPT-4o and Robotic Assistants,Jonnathan Berrezueta-Guzmán; Mohanad Kandil; Stefan Wagner,2025,Human-Centric Intelligent Systems,journal,10.1007/s44230-025-00099-1,,https://doi.org/10.1007/s44230-025-00099-1,3,2026-04-10,1,0,1,,,,,,,,2,3,2,maybe,Emerging framework without strong evaluation evidence.,R2NA025,,,openalex-round2,neurodivergent+adaptive,2.3333,39
R2NA024,Breaking the Cycle: Holistic Digital Solutions for Overlooked Challenges of Children with Special Needs in Socio-Economically Disadvantaged Communities,Neluwa-Liyanage R. Indika; Nawoda Hewage; Hapu-Arachchige Harshana; Udara D. Senarathne; Anusha Kaneshapillai; Shaampavei Mahendrarajah; Samaraweera-Arachchige Kumara,2025,Societies,journal,10.3390/soc15090234,,https://doi.org/10.3390/soc15090234,1,2026-04-10,1,0,1,,,,,,,,2,3,2,maybe,Applied article lacking robust empirical validation.,R2NA024,,,openalex-round2,neurodivergent+adaptive,2.3333,40
PNA012,Neurodivergent by Design: Using AI to Honor and Support Learning Differences,Christina Costa,2025,IntechOpen eBooks,journal,10.5772/intechopen.1012983,,https://doi.org/10.5772/intechopen.1012983,0,2026-04-10,1,0,1,,,,,,,,2,3,2,maybe,New IntechOpen chapter; AI-neurodivergent learning differences.,PNA012,,,openalex-pilot-collection,neurodivergent+adaptive,2.3333,41
PNA013,AI &amp; XR Explorations to Support Social Interactions: Speculative Design for Ubiquitous Workplace Space by and for Neurodivergent Employees,John Z. Kiss,2025,Journal of Biosensors and Bioelectronics Research,journal,10.47363/jbber/2025(3)131,,https://doi.org/10.47363/jbber/2025(3)131,0,2026-04-10,1,0,1,,,,,,,,2,3,2,maybe,Speculative design exploration; venue/content mismatch risk.,PNA013,,,openalex-pilot-collection,neurodivergent+adaptive,2.3333,42
PNA014,Designing Teaching Strategies Using Artificial Intelligence for Neurodivergent Students in Higher Education,Paola Elvira Velazquez-Solis; Martha Elena González Correa; Martha Angelica Angelica Martinez Martinez; Jesus Guillermo Arroyo; Marisa Marquez,2025,IGI Global eBooks,journal,10.4018/979-8-3693-6910-4.ch010,,https://doi.org/10.4018/979-8-3693-6910-4.ch010,0,2026-04-10,1,0,1,,,,,,,,2,3,2,maybe,Recent chapter on AI-guided teaching; weak validation.,PNA014,,,openalex-pilot-collection,neurodivergent+adaptive,2.3333,43
R2NA016,Beyond Compliance: A User-Autonomy Framework for Inclusive and Customizable Web Accessibility,A R Lalitha,2025,ArXiv.org,preprint,10.48550/arxiv.2506.10324,2506.10324,http://arxiv.org/abs/2506.10324,0,2026-04-10,1,0,1,,,,,,,,2,3,2,maybe,Preprint conceptual framework for accessibility design.,R2NA016,,,openalex-round2,neurodivergent+adaptive,2.3333,44
PNA015,The neurosociological paradigm of the metaverse,Olga Maslova; Natalia Shusharina; V. F. Pyatin,2025,Frontiers in Psychology,journal,10.3389/fpsyg.2024.1371876,,https://doi.org/10.3389/fpsyg.2024.1371876,5,2026-04-10,1,0,1,,,,,,,,2,2,2,exclude,Metaverse focus with weak adaptive-learning link.,PNA015,,,openalex-pilot-collection,neurodivergent+adaptive,2.0,45
PNA017,Integrating Neuroaesthetic Design into Brain-on-Chip Research: Toward Enhanced Neural Engagement and Cognitive Accessibility,Piper Hutson; James Hutson,2025,Current Research Bulletin,journal,10.55677/crb/i08-02-crb2025,,https://doi.org/10.55677/crb/i08-02-crb2025,0,2026-04-10,1,0,1,,,,,,,,2,2,2,exclude,Brain-on-chip focus with insufficient education impact.,PNA017,,,openalex-pilot-collection,neurodivergent+adaptive,2.0,46
R2NA008,Exploring the integration of psychedelic-assisted therapy and digital mental health interventions in trauma recovery for underserved adults with high-functioning autism,Paul Okugo Imoh; Aderonke Ajiboye; Tahir Kolawole Balogun; Amina Catherine Ijiga; Toyosi Motilola Olola; Emmanuel Oluwasayomi Ahmadu,2025,Magna Scientia Advanced Research and Reviews,journal,10.30574/msarr.2025.14.1.0079,,https://doi.org/10.30574/msarr.2025.14.1.0079,5,2026-04-10,1,0,1,,,,,,,,2,2,1,exclude,Psychedelic therapy outside education scope serious ethical concerns.,R2NA008,,,openalex-round2,neurodivergent+adaptive,1.6667,47
PNA003,Guest editorial: Fostering inclusive approaches for learners with special needs,Heidi Flavian; Jeffrey W. Alstete,2024,Quality Assurance in Education,journal,10.1108/qae-10-2024-218,,https://doi.org/10.1108/qae-10-2024-218,1,2026-04-10,1,0,1,,,,,,,,1,2,2,exclude,Editorial piece not original research.,PNA003,,,openalex-pilot-collection,neurodivergent+adaptive,1.6667,48
R2NA023,"Neurovascular Shifts, Sensory Sensitivity, and PMDD in Autistic Women: Exploring Blood Flow Redirection, Mood Dysregulation, and Pain Tolerance during Menstruation",Hutson Piper; James Hutson,2024,Journal of Community Medicine and Health Solutions,journal,10.29328/journal.jcmhs.1001049,,https://doi.org/10.29328/journal.jcmhs.1001049,1,2026-04-10,1,0,1,,,,,,,,2,2,1,exclude,Insufficient peer-review confidence and limited controls.,R2NA023,,,openalex-round2,neurodivergent+adaptive,1.6667,49
R2EA007,Artificial Intelligence in Education: A Review,Lijia Chen; Pingping Chen; Zhijian Lin,2020,IEEE Access,review_article,10.1109/access.2020.2988510,,https://doi.org/10.1109/access.2020.2988510,3211,2026-04-10,0,1,1,,,,,,,,5,5,4,keep_high,Highly cited foundational AI-in-education review.,R2EA007,,,openalex-round2,education+adaptive,4.6667,1
R2EA023,Artificial intelligence in higher education: the state of the field,Helen Crompton; Diane Burke,2023,International Journal of Educational Technology in Higher Education,journal,10.1186/s41239-023-00392-8,,https://doi.org/10.1186/s41239-023-00392-8,1191,2026-04-10,0,1,1,,,,,,,,5,5,4,keep_high,Authoritative state-of-field AI higher-education synthesis.,R2EA023,,,openalex-round2,education+adaptive,4.6667,2
R2EA016,"Vision, challenges, roles and research issues of Artificial Intelligence in Education",Gwo‐Jen Hwang; Haoran Xie; Benjamin W. Wah; Dragan Gašević,2020,Computers and Education Artificial Intelligence,journal,10.1016/j.caeai.2020.100001,,https://doi.org/10.1016/j.caeai.2020.100001,1162,2026-04-10,0,1,1,,,,,,,,5,5,4,keep_high,Foundational comprehensive framework for AI in education.,R2EA016,,,openalex-round2,education+adaptive,4.6667,3
R2EA020,A Review of Artificial Intelligence (AI) in Education from 2010 to 2020,Xuesong Zhai; Xiaoyan Chu; Ching Sing Chai; Morris Siu–Yung Jong; Andreja Istenič Starčič; Michael Spector; Jia Liu; Yuan Jing,2021,Complexity,review_article,10.1155/2021/8812542,,https://doi.org/10.1155/2021/8812542,1051,2026-04-10,0,1,1,,,,,,,,5,5,4,keep_high,Comprehensive field review with strong methodological quality.,R2EA020,,,openalex-round2,education+adaptive,4.6667,4
R2EA039,Practical and ethical challenges of large language models in education: A systematic scoping review,Lixiang Yan; Lele Sha; Linxuan Zhao; Yuheng Li; Roberto Martínez‐Maldonado; Guanliang Chen; Xinyu Li; Yueqiao Jin,2023,British Journal of Educational Technology,journal,10.1111/bjet.13370,,https://doi.org/10.1111/bjet.13370,598,2026-04-10,0,1,1,,,,,,,,5,4,5,keep_high,LLM ethics scoping review with strong quality.,R2EA039,,,openalex-round2,education+adaptive,4.6667,5
PEA009,Artificial intelligence in education: A systematic literature review,Shan Wang; Fang Wang; Zhen Zhu; Jingxuan Wang; Tam Tran; Zhao Du,2024,Expert Systems with Applications,journal,10.1016/j.eswa.2024.124167,,https://doi.org/10.1016/j.eswa.2024.124167,553,2026-04-10,0,1,1,,,,,,,,5,5,4,keep_high,Systematic review with high rigor and top relevance.,PEA009,,,openalex-pilot-collection,education+adaptive,4.6667,6
R2EA041,"A meta systematic review of artificial intelligence in higher education: a call for increased ethics, collaboration, and rigour",Melissa Bond; Hassan Khosravi; Maarten de Laat; Nina Bergdahl; Violeta Negrea; Emily Oxley; Phuong Pham; Sin Wang Chong,2024,International Journal of Educational Technology in Higher Education,journal,10.1186/s41239-023-00436-z,,https://doi.org/10.1186/s41239-023-00436-z,455,2026-04-10,0,1,1,,,,,,,,5,4,5,keep_high,Meta-systematic review on AI higher-education ethics.,R2EA041,,,openalex-round2,education+adaptive,4.6667,7
PEA002,Artificial intelligence in education: The three paradigms,Fan Ouyang; Pengcheng Jiao,2021,Computers and Education Artificial Intelligence,journal,10.1016/j.caeai.2021.100020,,https://doi.org/10.1016/j.caeai.2021.100020,736,2026-04-10,0,1,1,,,,,,,,4,4,4,keep_high,Established venue; paradigm-level analysis.,PEA002,,,openalex-pilot-collection,education+adaptive,4.0,8
PEA010,"Navigating the confluence of artificial intelligence and education for sustainable development in the era of industry 4.0: Challenges, opportunities, and ethical dimensions",Ammar Abulibdeh; Esmat Zaidan; Rawan Abulibdeh,2024,Journal of Cleaner Production,journal,10.1016/j.jclepro.2023.140527,,https://doi.org/10.1016/j.jclepro.2023.140527,536,2026-04-10,0,1,1,,,,,,,,4,3,5,keep_high,Strong evidence base; broader sustainability framing.,PEA010,,,openalex-pilot-collection,education+adaptive,4.0,9
PEA007,Artificial Intelligence-Enabled Intelligent Assistant for Personalized and Adaptive Learning in Higher Education,Ramteja Sajja; Yusuf Sermet; Muhammed Cikmaz; David M. Cwiertny; İbrahim Demir,2024,Information,journal,10.3390/info15100596,,https://doi.org/10.3390/info15100596,393,2026-04-10,0,1,1,,,,,,,,4,4,4,keep_high,Strong citations and relevant adaptive assistant design.,PEA007,,,openalex-pilot-collection,education+adaptive,4.0,10
PEA008,AI in education: A review of personalized learning and educational technology,Oyebola Olusola Ayeni; Nancy Mohd Al Hamad; Onyebuchi Nneamaka Chisom; Blessing Osawaru; Ololade Elizabeth Adewusi,2024,GSC Advanced Research and Reviews,review_article,10.30574/gscarr.2024.18.2.0062,,https://doi.org/10.30574/gscarr.2024.18.2.0062,302,2026-04-10,0,1,1,,,,,,,,4,4,4,keep_high,Comprehensive review with strong citation support.,PEA008,,,openalex-pilot-collection,education+adaptive,4.0,11
PEA014,When adaptive learning is effective learning: comparison of an adaptive learning system to teacher-led instruction,Shuai Wang; Claire Christensen; Wei Cui; Richard M. Tong; Louise Yarnall; Linda Shear; Mingyu Feng,2020,Interactive Learning Environments,journal,10.1080/10494820.2020.1808794,,https://doi.org/10.1080/10494820.2020.1808794,237,2026-04-10,0,1,1,,,,,,,,4,4,4,keep_high,Empirical comparison of adaptive vs teacher-led instruction.,PEA014,,,openalex-pilot-collection,education+adaptive,4.0,12
PEA011,Leveraging AI in E-Learning: Personalized Learning and Adaptive Assessment through Cognitive Neuropsychology—A Systematic Analysis,Constantinos Halkiopoulos; Evgenia Gkintoni,2024,Electronics,journal,10.3390/electronics13183762,,https://doi.org/10.3390/electronics13183762,233,2026-04-10,0,1,1,,,,,,,,4,4,4,keep_high,Neuroscience-informed adaptive assessment with strong quality.,PEA011,,,openalex-pilot-collection,education+adaptive,4.0,13
PEA013,REVOLUTIONIZING EDUCATION THROUGH AI: A COMPREHENSIVE REVIEW OF ENHANCING LEARNING EXPERIENCES,Oseremi Onesi-Ozigagun; Yinka James Ololade; Nsisong Louis Eyo-Udo; Damilola Oluwaseun Ogundipe,2024,International Journal of Applied Research in Social Sciences,review_article,10.51594/ijarss.v6i4.1011,,https://doi.org/10.51594/ijarss.v6i4.1011,225,2026-04-10,0,1,1,,,,,,,,4,4,4,keep_high,Comprehensive review with solid methodological framing.,PEA013,,,openalex-pilot-collection,education+adaptive,4.0,14
PEA018,Challenging Cognitive Load Theory: The Role of Educational Neuroscience and Artificial Intelligence in Redefining Learning Efficacy,Evgenia Gkintoni; Hera Antonopoulou; Andrew Sortwell; Constantinos Halkiopoulos,2025,Brain Sciences,journal,10.3390/brainsci15020203,,https://doi.org/10.3390/brainsci15020203,160,2026-04-10,0,1,1,,,,,,,,4,4,4,keep_high,Recent but methodologically strong neuroscience-AI integration.,PEA018,,,openalex-pilot-collection,education+adaptive,4.0,15
PEA017,Personalized feedback in digital learning environments: Classification framework and literature review,Uwe Maier; Christian Klotz,2022,Computers and Education Artificial Intelligence,journal,10.1016/j.caeai.2022.100080,,https://doi.org/10.1016/j.caeai.2022.100080,137,2026-04-10,0,1,1,,,,,,,,4,4,4,keep_high,Established venue and strong personalized feedback focus.,PEA017,,,openalex-pilot-collection,education+adaptive,4.0,16
R2EA008,Interpretable Knowledge Tracing: Simple and Efficient Student Modeling with Causal Relations,Sein Minn; Jill-Jênn Vie; Koh Takeuchi; Hisashi Kashima; Feida Zhu,2022,Proceedings of the AAAI Conference on Artificial Intelligence,journal,10.1609/aaai.v36i11.21560,,https://doi.org/10.1609/aaai.v36i11.21560,42,2026-04-10,0,1,1,,,,,,,,4,4,4,keep_high,AAAI student-modeling paper with strong causal framing.,R2EA008,,,openalex-round2,education+adaptive,4.0,17
R2EA014,"Thematic evolution of smart learning environments, insights and directions from a 20-year research milestones: A bibliometric analysis",Della Maulidiya; Budi Nugroho; Harry Budi Santoso; Zainal A. Hasibuan,2024,Heliyon,journal,10.1016/j.heliyon.2024.e26191,,https://doi.org/10.1016/j.heliyon.2024.e26191,11,2026-04-10,0,1,1,,,,,,,,4,4,4,keep_high,Strong bibliometric review of smart learning environments.,R2EA014,,,openalex-round2,education+adaptive,4.0,18
R2EA040,Developing an Early Warning System with Personalized Interventions to Enhance Academic Outcomes for At-Risk Students in Taiwanese Higher Education,Yu-Ming Chang; F P Chen; Chien-I Lee,2025,Education Sciences,journal,10.3390/educsci15101321,,https://doi.org/10.3390/educsci15101321,4,2026-04-10,0,1,1,,,,,,,,4,4,4,keep_high,Early-warning personalized interventions with practical impact.,R2EA040,,,openalex-round2,education+adaptive,4.0,19
PEA001,Adaptive Learning Using Artificial Intelligence in e-Learning: A Literature Review,Ilie Gligorea; Marius Cioca; Romana Oancea; Andra-Teodora Gorski; Hortensia Gorski; Paul Tudorache,2023,Education Sciences,review_article,10.3390/educsci13121216,,https://doi.org/10.3390/educsci13121216,701,2026-04-10,0,1,1,,,,,,,,3,4,4,keep_high,Prestigious venue; high citation count; broad review scope.,PEA001,,,openalex-pilot-collection,education+adaptive,3.6667,20
R2EA030,Optimizing learning outcomes: a deep dive into hybrid AI models for adaptive educational feedback,Hafiz Muhammad Qadir; Muhammad Taseer Suleman; Rafaqat Alam Khan; Muhammad Sohaib; Md Junayed Hasan; Syed Abid Hussain,2025,Journal Of Big Data,journal,10.1186/s40537-025-01187-6,,https://doi.org/10.1186/s40537-025-01187-6,4,2026-04-10,0,1,1,,,,,,,,4,4,3,keep_high,Hybrid AI models for adaptive educational feedback.,R2EA030,,,openalex-round2,education+adaptive,3.6667,21
PEA005,Adaptive intelligent tutoring systems for STEM education: analysis of the learning impact and effectiveness of personalized feedback,William Villegas-Ch; Diego Buenaño-Fernández; Alexandra Maldonado Navarro; Aracely Mera-Navarrete,2025,Smart Learning Environments,journal,10.1186/s40561-025-00389-y,,https://doi.org/10.1186/s40561-025-00389-y,15,2026-04-10,0,1,1,,,,,,,,4,4,4,keep_medium,Recent study with promising adaptive tutoring evidence.,PEA005,,,openalex-pilot-collection,education+adaptive,4.0,22
R2EA017,"ChatGPT Utility in Healthcare Education, Research, and Practice: Systematic Review on the Promising Perspectives and Valid Concerns",Malik Sallam,2023,Healthcare,review_article,10.3390/healthcare11060887,,https://doi.org/10.3390/healthcare11060887,2586,2026-04-10,0,1,1,,,,,,,,4,3,4,keep_medium,Healthcare-education ChatGPT review with domain specificity.,R2EA017,,,openalex-round2,education+adaptive,3.6667,23
R2EA015,Design of an Intelligent Tutor System for the Personalization of Learning Activities Using Case-Based Reasoning and Multi-Agent System,Lamya Anoir; Chelliq Ikram; Maha Khaldi; Mohamed Khaldi,2024,International Journal of Computing and Digital Systems,journal,10.12785/ijcds/160136,,https://doi.org/10.12785/ijcds/160136,9,2026-04-10,0,1,1,,,,,,,,4,4,3,keep_medium,ITS design study with solid adaptive learning focus.,R2EA015,,,openalex-round2,education+adaptive,3.6667,24
R2EA018,The Role of Artificial Intelligence in the Education of Students with Special Needs,Ayşe Alkan,2024,International Journal of Technology in Education and Science,journal,10.46328/ijtes.569,,https://doi.org/10.46328/ijtes.569,9,2026-04-10,0,1,1,,,,,,,,4,4,3,keep_medium,Special-needs AI education with strong transfer potential.,R2EA018,,,openalex-round2,education+adaptive,3.6667,25
PEA016,Adaptive e-learning systems through learning styles: A review of the literature,Iraklis Katsaris; Nikolas Vidakis,2021,Advances in Mobile Learning Educational Research,review_article,10.25082/amler.2021.02.007,,https://doi.org/10.25082/amler.2021.02.007,155,2026-04-10,0,1,1,,,,,,,,3,4,3,keep_medium,Useful review on adaptive learning styles.,PEA016,,,openalex-pilot-collection,education+adaptive,3.3333,26
R2EA001,Adapting gamified learning systems using educational data mining techniques,L. Daghestani; Lamiaa Fattouh Ibrahim; Reem S. Al‐Towirgi; Hesham A. Salman,2020,Computer Applications in Engineering Education,journal,10.1002/cae.22227,,https://doi.org/10.1002/cae.22227,79,2026-04-10,0,1,1,,,,,,,,3,4,3,keep_medium,Gamified learning study with adaptive educational relevance.,R2EA001,,,openalex-round2,education+adaptive,3.3333,27
R2EA009,Artificial Intelligence in Educational Data Mining and Human-in-the-Loop Machine Learning and Machine Teaching: Analysis of Scientific Knowledge,Eloy López Menéses; Luis López-Catálan; Noelia Pelícano-Piris; Pedro C. Mellado-Moreno,2025,Applied Sciences,journal,10.3390/app15020772,,https://doi.org/10.3390/app15020772,23,2026-04-10,0,1,1,,,,,,,,4,3,3,keep_medium,Educational data-mining framework with moderate rigor.,R2EA009,,,openalex-round2,education+adaptive,3.3333,28
R2EA019,Adaptive Learning Systems based on ILOs of Courses,Marwa Hussien Mohamed; Lamiaa Fattouh Ibrahim; Khaled Elmenshawy; Haitham Rizk Fadlallah,2023,WSEAS TRANSACTIONS ON SYSTEMS AND CONTROL,journal,10.37394/23203.2023.18.1,,https://doi.org/10.37394/23203.2023.18.1,6,2026-04-10,0,1,1,,,,,,,,3,4,3,keep_medium,ILO-based adaptive systems with direct project relevance.,R2EA019,,,openalex-round2,education+adaptive,3.3333,29
R2EA022,Understanding Data Science Instruction in Multiple STEM Disciplines,C. R. Snyder; Dawit M. Asamen; Mohammad Yunus Naseri; Niroj Aryal; Gautam Biswas; Abhishek Dubey; Erin Henrick; Erin R. Hotchkiss,2024,2021 ASEE Virtual Annual Conference Content Access Proceedings,journal,10.18260/1-2--37955,,https://doi.org/10.18260/1-2--37955,6,2026-04-10,0,1,1,,,,,,,,4,3,3,keep_medium,Multidisciplinary STEM data-science teaching insights.,R2EA022,,,openalex-round2,education+adaptive,3.3333,30
R2EA026,Unveiling the Evolution of Educational Technologies: A Patent-Based Clustering and Life Cycle Analysis,Navid Mohammadi; Mehrdad Maghsoudi; Mohammad Sabet; Mahdi Soghi,2025,IEEE Access,journal,10.1109/access.2025.3554741,,https://doi.org/10.1109/access.2025.3554741,5,2026-04-10,0,1,1,,,,,,,,4,3,3,keep_medium,Patent-based edtech evolution landscape perspective.,R2EA026,,,openalex-round2,education+adaptive,3.3333,31
R2EA024,New Framework of Educational Data Mining to Predict Student Learning Performance,Agung Triayudi; Rima Tamara Aldisa; S Sumiati,2024,Journal of Wireless Mobile Networks Ubiquitous Computing and Dependable Applications,journal,10.58346/jowua.2024.i1.009,,http://doi.org/10.58346/jowua.2024.i1.009,4,2026-04-10,0,1,1,,,,,,,,4,3,3,keep_medium,EDM framework with practical implementation potential.,R2EA024,,,openalex-round2,education+adaptive,3.3333,32
R2EA036,Personalized College English Learning Based on Artificial Intelligence: Algorithm-Driven Adaptive Learning Method,Zhaoxing Zhou; Wenzhen Li,2024,International Journal of High Speed Electronics and Systems,journal,10.1142/s0129156425401020,,https://doi.org/10.1142/s0129156425401020,3,2026-04-10,0,1,1,,,,,,,,3,4,3,keep_medium,Personalized AI college English learning use case.,R2EA036,,,openalex-round2,education+adaptive,3.3333,33
R2EA037,Identifying Student Learning Styles Using Support Vector Machine in Felder-Silverman Model,Andhika Rafi Hananto,2024,Journal of Applied Data Sciences,journal,10.47738/jads.v5i3.337,,https://doi.org/10.47738/jads.v5i3.337,3,2026-04-10,0,1,1,,,,,,,,3,4,3,keep_medium,SVM learning-style identification with practical relevance.,R2EA037,,,openalex-round2,education+adaptive,3.3333,34
R2EA031,New Era of Artificial Intelligence in Education: Towards a Sustainable Multifaceted Revolution,Firuz Kamalov; David Santandreu Calonge; Ikhlaas Gurrib,2023,Sustainability,journal,10.3390/su151612451,,https://doi.org/10.3390/su151612451,853,2026-04-10,0,1,1,,,,,,,,3,3,3,keep_medium,Broad overview of AI and education sustainability.,R2EA031,,,openalex-round2,education+adaptive,3.0,35
R2EA029,The Promises and Challenges of Artificial Intelligence for Teachers: a Systematic Review of Research,İsmail Çelik; Muhterem Dindar; Hanni Muukkonen; Sanna Järvelä,2022,TechTrends,review_article,10.1007/s11528-022-00715-y,,https://doi.org/10.1007/s11528-022-00715-y,727,2026-04-10,0,1,1,,,,,,,,3,3,3,keep_medium,Systematic review on AI in education with strong citations.,R2EA029,,,openalex-round2,education+adaptive,3.0,36
PEA019,"ChatGPT for Teaching, Learning and Research: Prospects and Challenges",Opara Emmanuel Chinonso; Adalikwu Mfon-Ette Theresa; Tolorunleke Caroline Aduke,2023,Global Academic Journal of Humanities and Social Sciences,journal,10.36348/gajhss.2023.v05i02.001,,https://doi.org/10.36348/gajhss.2023.v05i02.001,213,2026-04-10,0,1,1,,,,,,,,3,3,3,keep_medium,Relevant ChatGPT education topic with moderate rigor.,PEA019,,,openalex-pilot-collection,education+adaptive,3.0,37
R2EA006,Towards effective teaching assistants: From intent-based chatbots to LLM-powered teaching assistants,Bashaer Alsafari; Eric Atwell; Aisha Walker; Martin Callaghan,2024,Natural Language Processing Journal,journal,10.1016/j.nlp.2024.100101,,https://doi.org/10.1016/j.nlp.2024.100101,54,2026-04-10,0,1,1,,,,,,,,3,4,2,keep_medium,LLM teaching assistants promising but early evidence.,R2EA006,,,openalex-round2,education+adaptive,3.0,38
R2EA032,Leveraging AI-Generated Virtual Speakers to Enhance Multilingual E-Learning Experiences,Sergio Miranda; Rosa Vegliante,2025,Information,journal,10.3390/info16020132,,https://doi.org/10.3390/info16020132,7,2026-04-10,0,1,1,,,,,,,,3,4,3,maybe,AI-generated speakers for multilingual e-learning,R2EA032,,,openalex-round2,education+adaptive,3.3333,39
R2EA034,"A Survey of Ensemble Learning: Concepts, Algorithms, Applications, and Prospects",Ibomoiye Domor Mienye; Yanxia Sun,2022,IEEE Access,journal,10.1109/access.2022.3207287,,https://doi.org/10.1109/access.2022.3207287,1079,2026-04-10,0,1,1,,,,,,,,4,2,3,maybe,Ensemble-learning survey not education-centered.,R2EA034,,,openalex-round2,education+adaptive,3.0,40
R2EA004,Internet of Behaviour (IoB)-based AI models for personalized smart education systems,Ossama Embarak,2022,Procedia Computer Science,journal,10.1016/j.procs.2022.07.015,,https://doi.org/10.1016/j.procs.2022.07.015,52,2026-04-10,0,1,1,,,,,,,,3,4,2,maybe,Conference IoT personalization with limited rigor.,R2EA004,,,openalex-round2,education+adaptive,3.0,41
R2EA011,Learning Style Identification System: Design and Data Analysis.,Олена Глазунова; Наталія Морзе; Bella Golub; Олександр Буров; Tetyana Voloshyna; Oleksandra Parhomenko,2020,Digital Library NAES of Ukraine (National Academy of Educational Sciences of Ukraine),journal,,,https://openalex.org/W3110542288,16,2026-04-10,0,1,1,,,,,,,,3,3,3,maybe,Learning-style identification with moderate relevance.,R2EA011,,,openalex-round2,education+adaptive,3.0,42
PEA003,Adaptive Learning Systems: Exploring Personalized Paths in Vocational Education,Shanguo Zhao; Guangmei Hai; Hongtao Ma,2024,Curriculum learning and exploration.,journal,10.18686/cle.v2i2.3803,,https://doi.org/10.18686/cle.v2i2.3803,8,2026-04-10,0,1,1,,,,,,,,3,3,3,maybe,Low citation and unclear venue quality.,PEA003,,,openalex-pilot-collection,education+adaptive,3.0,43
PEA012,Harnessing Artificial Intelligence for Personalized Learning Pathways: A Framework for Adaptive Education Management Systems,Qi Zhang,2024,Applied and Computational Engineering,journal,10.54254/2755-2721/82/20241102,,https://doi.org/10.54254/2755-2721/82/20241102,6,2026-04-10,0,1,1,,,,,,,,3,3,3,maybe,Framework paper; low citation maturity.,PEA012,,,openalex-pilot-collection,education+adaptive,3.0,44
R2EA045,Artificial Intelligence in Professional and Vocational Training,Solange Ciavaldini-Cartaut; Jean-François Métral; Paul Olry; Dominique Guidoni-Stoltz; Charles-Antoine Gagneur,2024,Palgrave studies in creativity and culture,journal,10.1007/978-3-031-55272-4_11,,https://doi.org/10.1007/978-3-031-55272-4_11,3,2026-04-10,0,1,1,,,,,,,,3,3,3,maybe,Vocational AI training chapter with moderate rigor.,R2EA045,,,openalex-round2,education+adaptive,3.0,45
R2EA042,A Framework for Dynamic User Modeling Integrating Data Stream Mining and Process Mining in Educational Contexts,María Yesenia Zavaleta-Sánchez; Edgard Benítez–Guerrero; Guillermo Molero–Castillo; Carmen Mezura-Godoy; Luis G. Montané-Jiménez,2025,IEEE Access,journal,10.1109/access.2025.3611957,,https://doi.org/10.1109/access.2025.3611957,2,2026-04-10,0,1,1,,,,,,,,3,3,3,maybe,Dynamic user-modeling framework with limited validation.,R2EA042,,,openalex-round2,education+adaptive,3.0,46
R2EA033,Influences of the Industry 4.0 Revolution on the Human Capital Development and Consumer Behavior: A Systematic Review,Violeta Sima; Ileana Georgiana Gheorghe; J. Subić; Dumitru Nancu,2020,Sustainability,review_article,10.3390/su12104035,,https://doi.org/10.3390/su12104035,745,2026-04-10,0,1,1,,,,,,,,3,2,3,maybe,Industry 4.0 workforce focus only partially educational.,R2EA033,,,openalex-round2,education+adaptive,2.6667,47
R2EA002,Student Performance Prediction Using Machine Learning Algorithms,Esmael Ahmed,2024,Applied Computational Intelligence and Soft Computing,journal,10.1155/2024/4067721,,https://doi.org/10.1155/2024/4067721,78,2026-04-10,0,1,1,,,,,,,,3,3,2,maybe,Generic ML prediction lacking neurodivergent specificity.,R2EA002,,,openalex-round2,education+adaptive,2.6667,48
R2EA003,"Investigating AI-Powered Tutoring Systems that Adapt to Individual Student Needs, Providing Personalized Guidance and Assessments",Mohammed Rizvi,2023,The Eurasia Proceedings of Educational and Social Sciences,journal,10.55549/epess.1381518,,https://doi.org/10.55549/epess.1381518,57,2026-04-10,0,1,1,,,,,,,,2,4,2,maybe,AI tutoring topic relevant but venue quality uncertain.,R2EA003,,,openalex-round2,education+adaptive,2.6667,49
R2EA010,Research and Practice of Informatization Teaching Reform Based on Ubiquitous Learning Environment and Education Big Data,Liang Zhao; Guili Zhang; Shijiao Qiao,2021,Open Journal of Social Sciences,journal,10.4236/jss.2021.92023,,https://doi.org/10.4236/jss.2021.92023,23,2026-04-10,0,1,1,,,,,,,,3,3,2,maybe,Teaching informatization study with limited robustness.,R2EA010,,,openalex-round2,education+adaptive,2.6667,50
R2EA012,Data mining of students’ behavior in E-learning system,O M Gushchina; A V Ochepovsky,2020,Journal of Physics Conference Series,journal,10.1088/1742-6596/1553/1/012027,,https://doi.org/10.1088/1742-6596/1553/1/012027,13,2026-04-10,0,1,1,,,,,,,,3,3,2,maybe,E-learning behavior mining paper with basic methods.,R2EA012,,,openalex-round2,education+adaptive,2.6667,51
R2EA021,APPLICATION OF ARTIFICIAL INTELLIGENCE IN HIGHER EDUCATION INSTITUTIONS: FOREIGN EXPERIENCE,Natalia Bobro,2024,Three Seas Economic Journal,journal,10.30525/2661-5150/2024-5-3,,https://doi.org/10.30525/2661-5150/2024-5-3,11,2026-04-10,0,1,1,,,,,,,,3,3,2,maybe,Higher-education AI overview with moderate depth.,R2EA021,,,openalex-round2,education+adaptive,2.6667,52
R2EA013,Improving AEH Courses through Log Analysis,Álvaro Ortigosa; César Vialardi; Javier Bravo,2020,Biblos-e Archivo (Universidad Autónoma de Madrid),journal,10.3217/jucs-014-17-2777,,http://hdl.handle.net/10486/666287,7,2026-04-10,0,1,1,,,,,,,,3,3,2,maybe,Log-analysis optimization with modest adaptive transfer.,R2EA013,,,openalex-round2,education+adaptive,2.6667,53
R2EA028,Smart Tutors: improving the quality of higher education through AI,Dalía Rodríguez Cairo; Yisel Ramírez Echavarría,2023,LatIA,journal,10.62486/latia20238,,https://doi.org/10.62486/latia20238,4,2026-04-10,0,1,1,,,,,,,,3,3,2,maybe,Smart tutor guidance with basic methodological support.,R2EA028,,,openalex-round2,education+adaptive,2.6667,54
R2EA025,Construction and Application of Farmers’ Practical Teaching System in Vocational Education Based on Big Data Mining Technology,Wei Peng; Zhibin Tang,2022,Computational Intelligence and Neuroscience,journal,10.1155/2022/6075719,,https://doi.org/10.1155/2022/6075719,6,2026-04-10,0,1,1,,,,,,,,3,2,2,maybe,Farmers teaching system with limited transferability.,R2EA025,,,openalex-round2,education+adaptive,2.3333,55
R2EA035,Analysing the Intersection of Education and Data Science: Enhancing Learning Outcomes through Information Systems -An Analytical Study,Thejasvi Sheshadri; Karthik Reddy; Jaladi Santosh Rupa; S. Thamarai Selvi; S. Ramesh Babu; J Bamini; T.A. Shwetha,2025,Indian Journal of Information Sources and Services,journal,10.51983/ijiss-2025.ijiss.15.1.03,,https://doi.org/10.51983/ijiss-2025.ijiss.15.1.03,3,2026-04-10,0,1,1,,,,,,,,2,3,2,maybe,Low-citation data-science education analysis.,R2EA035,,,openalex-round2,education+adaptive,2.3333,56
R2EA044,Timetable Model For Self Regulated Learning Based On Student Agent Level Restrictions Resolving,Dmitrii Klimov; M. Ya. Rabovskaya; Vladislav R. Kozlov; Alexey Syskov,2021,"2021 Ural Symposium on Biomedical Engineering, Radioelectronics and Information Technology (USBEREIT)",journal,10.1109/usbereit51232.2021.9455024,,https://doi.org/10.1109/usbereit51232.2021.9455024,2,2026-04-10,0,1,1,,,,,,,,2,3,2,maybe,Self-regulated learning model with weak evidence.,R2EA044,,,openalex-round2,education+adaptive,2.3333,57
R2EA043,Tackling Climate Change with Machine Learning,Lynn H. Kaack; David Rolnick; Priya L. Donti; Kelly Kochanski; Alexandre Lacoste; Kris Sankaran; Andrew Slavin Ross; Nikola Milojevic-Dupont,2022,OPUS 4 (Zuse Institute Berlin),journal,10.1145/3485128,,https://opus4.kobv.de/opus4-hsog/frontdoor/index/index/docId/4117,789,2026-04-10,0,1,1,,,,,,,,4,1,3,exclude,Climate ML focus outside education-adaptive scope.,R2EA043,,,openalex-round2,education+adaptive,2.6667,58
PEA006,Intelligence Quotient insights through pattern mining Leveraging Tensor Factorization Techniques for personalized Education and Adaptive Learning Systems,Rasha sakhnini; Alexey vinokurov,2025,PatternIQ mining.,journal,10.70023/sahd/250207,,https://doi.org/10.70023/sahd/250207,12,2026-04-10,0,1,1,,,,,,,,2,2,2,exclude,Questionable publication quality and weak evidence.,PEA006,,,openalex-pilot-collection,education+adaptive,2.0,59
PEA004,The Effectiveness of Adaptive Learning Systems in Personalized Education,Kaitlynn Mirari,2022,Journal of Education Review Provision,journal,10.55885/jerp.v2i3.194,,https://doi.org/10.55885/jerp.v2i3.194,10,2026-04-10,0,1,1,,,,,,,,2,2,2,exclude,Low evidence strength and questionable venue credibility.,PEA004,,,openalex-pilot-collection,education+adaptive,2.0,60
R2EA038,Adaptive Weight Deep Convolutional Neural Network (AWDCNN) Classifier for Predicting Student’s Performance in Job Placement Process,T. Kavipriya; M. Sengaliappan,2021,Annals of the Romanian Society for Cell Biology,journal,,,http://annalsofrscb.ro/index.php/journal/article/view/719,4,2026-04-10,0,1,1,,,,,,,,2,2,2,exclude,Low-quality venue with weak educational evidence.,R2EA038,,,openalex-round2,education+adaptive,2.0,61
PEA020,Transforming Foreign Language Education: The Role of AI-Based Adaptive Learning Systems in Enhancing Personalized Learning Amid Global Instability,Roman Poznanskyy; Liliia Pryimak; Halyna Apelt; Надія Савчук; Liliia KOPCHAK,2025,Metaverse Basic and Applied Research,journal,10.56294/mr2025179,,https://doi.org/10.56294/mr2025179,2,2026-04-10,0,1,1,,,,,,,,2,2,2,exclude,Low evidence maturity and weak venue confidence.,PEA020,,,openalex-pilot-collection,education+adaptive,2.0,62
R2EA005,School Leadership and Management in the Age of Artificial Intelligence (AI): Recent Developments and Future Prospects,Turgut Karaköse; Tijen Tülübaş,2024,Educational Process International Journal,journal,10.22521/edupij.2024.131.1,,https://doi.org/10.22521/edupij.2024.131.1,38,2026-04-10,0,1,1,,,,,,,,2,2,1,exclude,School leadership focus not student-level intervention.,R2EA005,,,openalex-round2,education+adaptive,1.6667,63
PEA015,Biosensor technology for adaptive intelligent education systems to enhance personalized English learning,Xiaochen Li,2025,Molecular & cellular biomechanics,journal,10.62617/mcb912,,https://doi.org/10.62617/mcb912,2,2026-04-10,0,1,1,,,,,,,,1,1,2,exclude,Weak evidence and poor domain fit.,PEA015,,,openalex-pilot-collection,education+adaptive,1.3333,64
