record_id,bucket,query_string,title,authors,year,venue,publication_type,doi,source_url,citation_count,citation_date,domain_sen,domain_education,domain_adaptive,domain_ai_analytics,domain_observable_signal,study_type,sample_size,population_type,input_signal,ai_method,prediction_target,evaluation_metrics,decision,decision_reason,notes
R3SE001,SEN+Education,special educational needs students learning support higher education,Advocating for Children During the COVID-19 School Closures,Abbey R. Masonbrink; Emily A. Hurley,2020,PEDIATRICS,review,10.1542/peds.2020-1440,https://doi.org/10.1542/peds.2020-1440,440,2026-04-28,1,1,0,0,0,,,,,,,,,,"openalex-round3-sen; hits=sen,adaptive"
R3SE002,SEN+Education,special educational needs students learning support higher education,Teachers' digital competence to assist students with functional diversity: Identification of factors through logistic regression methods,Julio Cabero Almenara; Francisco D. Guillén‐Gámez; Julio Ruiz‐Palmero; Antonio Palacios‐Rodríguez,2021,British Journal of Educational Technology,journal,10.1111/bjet.13151,https://doi.org/10.1111/bjet.13151,132,2026-04-28,1,1,0,0,0,,,,,,,,,,"openalex-round3-sen; hits=sen,adaptive,ai_analytics"
R3SE003,SEN+Education,special educational needs students learning support higher education,Connecting Through Technology During the Coronavirus Disease 2019 Pandemic: Avoiding “Zoom Fatigue”,Brenda K. Wiederhold,2020,Cyberpsychology Behavior and Social Networking,journal,10.1089/cyber.2020.29188.bkw,https://doi.org/10.1089/cyber.2020.29188.bkw,499,2026-04-28,1,1,0,0,0,,,,,,,,,,"openalex-round3-sen; hits=sen,adaptive,observable_signal"
R3SE004,SEN+Education,special educational needs students learning support higher education,Educational Support for Saudi Students with Learning Disabilities in Higher Education,Mohaned G. Abed; Todd K. Shackelford,2020,Learning Disabilities Research and Practice,journal,10.1111/ldrp.12214,https://doi.org/10.1111/ldrp.12214,47,2026-04-28,1,1,0,0,0,,,,,,,,,,"openalex-round3-sen; hits=sen,adaptive"
R3SE005,SEN+Education,special educational needs students learning support higher education,What next for Universal Design for Learning? A systematic literature review of technology in <scp>UDL</scp> implementations at second level,Aibhín Bray; Ann Devitt; Joanne Banks; Sergio Sánchez; Marta Sandoval Mena; Katerina Riviou; Darren Byrne; Margaret Flood,2023,British Journal of Educational Technology,journal,10.1111/bjet.13328,https://doi.org/10.1111/bjet.13328,78,2026-04-28,1,1,0,0,0,,,,,,,,,,"openalex-round3-sen; hits=sen,adaptive"
R3SE006,SEN+Education,special educational needs students learning support higher education,Virtually the same?: Online higher education in the post Covid‐19 era,Xianghan O’Dea; Julian Stern,2022,British Journal of Educational Technology,editorial,10.1111/bjet.13211,https://doi.org/10.1111/bjet.13211,59,2026-04-28,1,1,0,0,0,,,,,,,,,,"openalex-round3-sen; hits=sen,adaptive,observable_signal"
R3SE007,SEN+Education,special educational needs students learning support higher education,Breaking Barriers: The Influence of Teachers’ Attitudes on Inclusive Education for Students with Mild Learning Disabilities (MLDs),Mahwish Kamran; Sohni Siddiqui; Muhammad Shahnawaz Adil,2023,Education Sciences,journal,10.3390/educsci13060606,https://doi.org/10.3390/educsci13060606,31,2026-04-28,1,1,0,0,0,,,,,,,,,,"openalex-round3-sen; hits=sen,adaptive,ai_analytics,observable_signal"
R3SE008,SEN+Education,special educational needs students learning support higher education,What do we know about pedagogical models in physical education so far? An umbrella review,Javier Fernández‐Río; Damián Iglesias Gallego,2022,Physical Education and Sport Pedagogy,journal,10.1080/17408989.2022.2039615,https://doi.org/10.1080/17408989.2022.2039615,78,2026-04-28,1,1,0,0,0,,,,,,,,,,"openalex-round3-sen; hits=sen,adaptive,ai_analytics"
R3SE009,SEN+Education,special educational needs students learning support higher education,"Agreement among student, parent and teacher ratings of school inclusion: A multitrait-multimethod analysis",Susanne Schwab; Carmen Zurbriggen; Martin Venetz,2020,Journal of School Psychology,journal,10.1016/j.jsp.2020.07.003,https://doi.org/10.1016/j.jsp.2020.07.003,45,2026-04-28,1,1,0,0,0,,,,,,,,,,"openalex-round3-sen; hits=sen,adaptive,ai_analytics"
R3SE010,SEN+Education,special educational needs students learning support higher education,The relevance of sources of support for teachers’ self-efficacy beliefs towards students with special educational needs,Aster Van Mieghem; Elke Struyf; Karine Verschueren,2020,European Journal of Special Needs Education,journal,10.1080/08856257.2020.1829866,https://doi.org/10.1080/08856257.2020.1829866,27,2026-04-28,1,1,0,0,0,,,,,,,,,,"openalex-round3-sen; hits=sen,adaptive"
R3SE011,SEN+Education,special educational needs students learning support higher education,"Leading Inclusive Learning, Teaching and Assessment in Post-Primary Schools in Ireland: Does Provision Mapping Support an Integrated, School-Wide and Systematic Approach to Inclusive Special Education?",Johanna Fitzgerald; Joe Lynch; Àngela Martín; Bernadette Cullen,2021,Education Sciences,journal,10.3390/educsci11040168,https://doi.org/10.3390/educsci11040168,15,2026-04-28,1,1,0,0,0,,,,,,,,,,"openalex-round3-sen; hits=sen,adaptive,ai_analytics"
R3SE012,SEN+Education,special educational needs students learning support higher education,Human Anatomy: Teaching–Learning Experience of a Support Teacher and a Student with Low Vision and Blindness,Carolina Rodrigues Mendonça; Karla Tais de Oliveira Souza; Jalsi Tacon Arruda; Mark A. Noll; Nilza Nascimento Guimarães,2021,Anatomical Sciences Education,journal,10.1002/ase.2058,https://doi.org/10.1002/ase.2058,19,2026-04-28,1,1,0,0,0,,,,,,,,,,"openalex-round3-sen; hits=sen,adaptive"
R3SE013,SEN+Education,special educational needs students learning support higher education,A national study on the state and status of physical education in South African public schools,Cora Burnett,2020,Physical Education and Sport Pedagogy,journal,10.1080/17408989.2020.1792869,https://doi.org/10.1080/17408989.2020.1792869,44,2026-04-28,1,1,0,0,0,,,,,,,,,,"openalex-round3-sen; hits=sen,adaptive"
R3SE014,SEN+Education,special educational needs students learning support higher education,The usage of digital technologies in the university training of future bachelors (having been based on the data of mathematical subjects),Oksana Hlushak; Svetlana O. Semenyaka; Volodymyr Proshkin; Stanislav Sapozhnykov; O. S. Lytvyn,2020,CTE Workshop Proceedings,journal,10.55056/cte.354,https://doi.org/10.55056/cte.354,12,2026-04-28,1,1,0,0,0,,,,,,,,,,"openalex-round3-sen; hits=sen,adaptive,ai_analytics"
R3SE015,SEN+Education,special educational needs students learning support higher education,Online and Remote Learning in Higher Education Institutes: A Necessity in light of COVID-19 Pandemic,Wahab Ali,2020,Higher Education Studies,journal,10.5539/hes.v10n3p16,https://doi.org/10.5539/hes.v10n3p16,1654,2026-04-28,1,1,0,0,0,,,,,,,,,,"openalex-round3-sen; hits=sen,adaptive"
R3SE016,SEN+Education,special educational needs students learning support higher education,SOCIAL AND PEDAGOGICAL SUPPORT OF STUDENTS WITH DISABILITIES IN HIGHER EDUCATION INSTITUTIONS,Тетяна Петрівна Спіріна; Barbara Grabowska; Тетяна Леонідівна Лях,2020,The Modern Higher Education Review,journal,10.28925/2518-7635.2020.5.6,https://doi.org/10.28925/2518-7635.2020.5.6,7,2026-04-28,1,1,0,0,0,,,,,,,,,,"openalex-round3-sen; hits=sen,adaptive"
R3SE017,SEN+Education,special educational needs students learning support higher education,The digitalization of science education: Déjà vu all over again?,Knut Neumann; Noemi Waight,2020,Journal of Research in Science Teaching,journal,10.1002/tea.21668,https://doi.org/10.1002/tea.21668,17,2026-04-28,1,1,0,0,0,,,,,,,,,,"openalex-round3-sen; hits=sen,adaptive,ai_analytics"
R3SE018,SEN+Education,special educational needs students learning support higher education,What Is the Impact of ChatGPT on Education? A Rapid Review of the Literature,Chung Kwan Lo,2023,Education Sciences,review_article,10.3390/educsci13040410,https://doi.org/10.3390/educsci13040410,1655,2026-04-28,1,1,0,0,0,,,,,,,,,,"openalex-round3-sen; hits=sen,ai_analytics"
R3SE019,SEN+Education,special educational needs students learning support higher education,Online Learning and Emergency Remote Teaching: Opportunities and Challenges in Emergency Situations,Fernando Ferri; Patrizia Grifoni; Tiziana Guzzo,2020,Societies,journal,10.3390/soc10040086,https://doi.org/10.3390/soc10040086,1325,2026-04-28,1,1,0,0,0,,,,,,,,,,"openalex-round3-sen; hits=sen,adaptive"
R3SE020,SEN+Education,special educational needs students learning support higher education,Special issue “Towards a higher education of the future: Transformational roles of edge intelligence”,Ruchi Doshi; Yu‐Chen Hu; Lalit Garg; Temitayo Matthew Fagbola,2023,Array,journal,10.1016/j.array.2023.100332,https://doi.org/10.1016/j.array.2023.100332,11,2026-04-28,1,1,0,0,0,,,,,,,,,,"openalex-round3-sen; hits=sen,adaptive,ai_analytics"
R3SE021,SEN+Education,special educational needs students learning support higher education,Can we disrupt the momentum of the AI colonization of science education?,Lucy Avraamidou,2024,Journal of Research in Science Teaching,journal,10.1002/tea.21961,https://doi.org/10.1002/tea.21961,33,2026-04-28,1,1,0,0,0,,,,,,,,,,"openalex-round3-sen; hits=sen,adaptive,ai_analytics"
R3SE022,SEN+Education,special educational needs students learning support higher education,"A Metaverse: Taxonomy, Components, Applications, and Open Challenges",Sangmin Park; Young‐Gab Kim,2022,IEEE Access,journal,10.1109/access.2021.3140175,https://doi.org/10.1109/access.2021.3140175,1719,2026-04-28,1,1,0,0,0,,,,,,,,,,"openalex-round3-sen; hits=sen,ai_analytics"
R3SE023,SEN+Education,special educational needs students learning support higher education,From digital literacy to digital competence: the teacher digital competency (TDC) framework,Garry Falloon,2020,Educational Technology Research and Development,journal,10.1007/s11423-020-09767-4,https://doi.org/10.1007/s11423-020-09767-4,1111,2026-04-28,1,1,0,0,0,,,,,,,,,,"openalex-round3-sen; hits=sen,adaptive,ai_analytics"
R3SE024,SEN+Education,special educational needs students learning support higher education,Suspending Classes Without Stopping Learning: China’s Education Emergency Management Policy in the COVID-19 Outbreak,Wunong Zhang; Yuxin Wang; Lili Yang; Chuanyi Wang,2020,Journal of risk and financial management,journal,10.3390/jrfm13030055,https://doi.org/10.3390/jrfm13030055,1059,2026-04-28,1,1,0,0,0,,,,,,,,,,"openalex-round3-sen; hits=sen,adaptive"
R3SE025,SEN+Education,special educational needs students learning support higher education,Differential Performance of Computerized Adaptive Testing in Students With and Without Disabilities – A Simulation Study,Nikola Ebenbeck; Markus Gebhardt,2024,Journal of Special Education Technology,journal,10.1177/01626434241232117,https://doi.org/10.1177/01626434241232117,7,2026-04-28,1,1,0,0,0,,,,,,,,,,"openalex-round3-sen; hits=sen,adaptive"
R3SE026,SEN+Education,special educational needs students learning support higher education,Guest editorial: AI in education: transforming teaching and learning,Dania Bilal; Jiangen He; Jiqun Liu,2025,Information and Learning Sciences,editorial,10.1108/ils-01-2025-268,https://doi.org/10.1108/ils-01-2025-268,10,2026-04-28,1,1,0,0,0,,,,,,,,,,"openalex-round3-sen; hits=sen,adaptive,ai_analytics,observable_signal"
R3SE027,SEN+Education,special educational needs students learning support higher education,"Abstracts and awards from the DARTP Conference 2022Improving resilience in the classroom with the Hummingbird ProjectInclusive curriculum development with a Black, Asian and minority ethnic student advisory panelThe experiences of Black Asian and Minority Ethnic students studying psychology in the U.K and the development of an online decolonising the psychology curriculum and pedagogies toolkitStaying sonnected: a toolkit to support student groupworkImposter syndrome and sense of belongingImproving accessibility and inclusion for students on an open, online, undergraduate psychology programmeImproving student user experience of blackboard VLEEnhancing students’ report writing skills: The challenge of stating study limitations‘The EHCP isn’t really worth the paper it’s written on’: exploring the perceptions of teaching staff in further education on the implementation of education, health and care plans for learners with Special Educational Needs and DisabilitiesDecolonising teaching and research through a student buddying programme: applying theory to practiceDrama-based pedagogical (DBP) approach to learning and teaching psychology: Creative use of online drama to facilitate student engagementWhat makes psychology students satisfied?Co-creating engaging and immersive learning experiences for online, in-person and hyflex teaching in psychology: a ‘students-as-digital-scholars’ approachPerceptions of decolonising the curriculum: A preliminary Reddit forum studyThe efficacy of differing handout types on student retention of lecture materialRethinking vocational support in higher education – An interdisciplinary steppedcare approach to career adaptability and post-traumatic growth‘We can’t see your slides!’ Undergraduate Psychology Students’ Perceptions of Emergency Online TeachingYou don’t have to understand me to respect me: A qualitative exploration of wellbeing among queer, nonbinary and gender-questioning youth of colourThe pedagogical potential of registered reports: Reflections on a case studyUnderstanding the needs of postgraduate taught students transitioning into a research-methods focused psychology conversion course: evidence from co-design researchDeveloping researcher identity in psychology students: the role of qualitative and quantitative research methods teachingUniversity students’ experiences of mental health and wellbeing post-lockdown: hybrid learning and transition to a ‘new normal’Distance learning (DL) psychology students’ perceptions of equality, diversity and inclusion in higher educationLGBTQ+ students’ experiences of online learning during Covid-19Action research: Developing an interactive coversheet for student’s written assessmentsTHESIS - Teaching in Higher Education: Supporting and Inspiring StudentThe potential of Miro in building collaborative learning environmentsFeeling alone in one’s educational experience: implications of existential isolation in higher educationUsing mindfulness and resiliency based pedagogy to protect forensic psychology students from secondary trauma in teachingDecolonising the psychology curricula: challenges and success storiesThe psychology debrief: A YouTube channel for students studying psychology in higher educationStudent perceptions of employability on a psychology conversion courseSeparation anxiety, homesickness, and undergraduate students’ adjustment to universityEntering university with predicted grades: exploring students’ feelings of school belonging, academic self-efficacy, and academic locus of controlMental imagery ability is correlated with the memory benefits experienced after drawing to-be-remembered informationRecognising the barriers to postgraduate study for students who identify as working-classDecolonising",Ian Platt; Louise Taylor; Jagjeet Jutley-Neilson; Maxine Swingler; Izzy Kedge; James Brunton; Marta Mangiarulo; Ava Horowitz,2023,Psychology Teaching Review,journal,10.53841/bpsptr.2023.29.1.69,https://doi.org/10.53841/bpsptr.2023.29.1.69,1,2026-04-28,1,1,0,0,0,,,,,,,,,,"openalex-round3-sen; hits=sen,adaptive"
R3SE028,SEN+Education,special educational needs students learning support higher education,Development of a Model for Individual Educational Pathways in Engineering Education,Nikolay I. Naumkin; В. А. Агеев; Anarkul E. Sadieva; Anatoly V. Anokhin; Н. Н. Шекшаева; E. V. Zabrodina,2021,Economic History,journal,10.15507/1991-9468.104.025.202103.513-531,https://doi.org/10.15507/1991-9468.104.025.202103.513-531,7,2026-04-28,1,1,0,0,0,,,,,,,,,,"openalex-round3-sen; hits=sen,adaptive,ai_analytics"
R3SE029,SEN+Education,special educational needs students learning support higher education,COVID-19 and teacher education: a literature review of online teaching and learning practices,Carmen Carrillo; María Assunção Flores,2020,European Journal of Teacher Education,review_article,10.1080/02619768.2020.1821184,https://doi.org/10.1080/02619768.2020.1821184,1003,2026-04-28,1,1,0,0,0,,,,,,,,,,"openalex-round3-sen; hits=sen,adaptive"
R3SE030,SEN+Education,special educational needs students learning support higher education,Cooperative work and neuroeducation in mathematics education of future teachers: A good combination?,Marcos Vinícios Rabelo Procópio; Leandra Fernandes Procópio; Benito Yáñez‐Araque; Raquel Fernández Cézar,2022,Frontiers in Psychology,journal,10.3389/fpsyg.2022.1005609,https://doi.org/10.3389/fpsyg.2022.1005609,8,2026-04-28,1,1,0,0,0,,,,,,,,,,"openalex-round3-sen; hits=sen,adaptive"
R3SE031,SEN+Education,special educational needs students learning support higher education,INOVATIVNI MODELI I NOVE TEHNOLOGIJE U FUNKCIJI RAZVOJA I KOOPERACIJE PREDUZEĆA I OBRAZOVANJA,Dragana Trifunović; Goran Lalić; Stevica Deđanski; Milica Nestorović; Vuk Bevanda,2024,Akcionarstvo,journal,10.65772/ak2024109,https://doi.org/10.65772/ak2024109,5,2026-04-28,1,1,0,0,0,,,,,,,,,,"openalex-round3-sen; hits=sen,adaptive,ai_analytics"
R3SE032,SEN+Education,special educational needs students learning support higher education,Ethical principles for artificial intelligence in education,Andy Nguyen; Ha Ngan Ngo; Yvonne Hong; Belle Dang; Bich‐Phuong Thi Nguyen,2022,Education and Information Technologies,journal,10.1007/s10639-022-11316-w,https://doi.org/10.1007/s10639-022-11316-w,948,2026-04-28,1,1,0,0,0,,,,,,,,,,"openalex-round3-sen; hits=sen,ai_analytics"
R3SE033,SEN+Education,special educational needs students learning support higher education,Regulatory basis for the formation of inclusive culture in student youth,V. A. Budegay,2021,Humanitarian studios pedagogics psychology philosophy,journal,10.31548/hspedagog2021.04.015,https://doi.org/10.31548/hspedagog2021.04.015,3,2026-04-28,1,1,0,0,0,,,,,,,,,,"openalex-round3-sen; hits=sen,adaptive"
R3SE034,SEN+Education,special educational needs students learning support higher education,MODELING OF PSYCHOLOGICAL AND PEDAGOGICAL SUPPORT OF STUDENTS WITH SPECIAL EDUCATIONAL NEEDS AT THE UNIVERSITY IN THE CONDITIONS OF INCLUSIVE EDUCATION,A Magauova; Nilufar TALIPOVA; Zh Makhambetova,2021,BULLETIN Series Psychology,journal,10.51889/2021-4.1728-7847.09,https://doi.org/10.51889/2021-4.1728-7847.09,2,2026-04-28,1,1,0,0,0,,,,,,,,,,"openalex-round3-sen; hits=sen,adaptive,ai_analytics"
R3SE035,SEN+Education,special educational needs students learning support higher education,Mobile technologies as a tool to support inclusive learning in higher education institutions,Valentyna Nechyporenko; Liudmyla Nikolenko; Lilia Nichuhovska; Maryna Omelchenko; Zoia Bondarenko,2024,Periodicals of Engineering and Natural Sciences (PEN),journal,10.21533/pen.v12.i4.69,https://doi.org/10.21533/pen.v12.i4.69,3,2026-04-28,1,1,0,0,0,,,,,,,,,,"openalex-round3-sen; hits=sen,adaptive"
R3SA001,SEN+Adaptive,special educational needs adaptive learning system,Teachers' digital competence to assist students with functional diversity: Identification of factors through logistic regression methods,Julio Cabero Almenara; Francisco D. Guillén‐Gámez; Julio Ruiz‐Palmero; Antonio Palacios‐Rodríguez,2021,British Journal of Educational Technology,journal,10.1111/bjet.13151,https://doi.org/10.1111/bjet.13151,132,2026-04-28,1,1,1,1,0,,,,,,,,,,"openalex-round3-sen; hits=sen,adaptive,ai_analytics"
R3SA002,SEN+Adaptive,special educational needs adaptive learning system,Inclusive school leaders – their role in raising the achievement of all learners,Edda Óskarsdóttir; Verity Donnelly; Marcella Turner-Cmuchal; Lani Florian,2020,Journal of Educational Administration,journal,10.1108/jea-10-2019-0190,https://doi.org/10.1108/jea-10-2019-0190,97,2026-04-28,1,1,1,1,0,,,,,,,,,,"openalex-round3-sen; hits=sen,adaptive,ai_analytics"
R3SA003,SEN+Adaptive,special educational needs adaptive learning system,Exploring Hungarian teachers’ perceptions of inclusive education of SEN students,Andrea Magyar; Anita Krausz; Ildikó Dóra Kapás; Anita Habók,2020,Heliyon,journal,10.1016/j.heliyon.2020.e03851,https://doi.org/10.1016/j.heliyon.2020.e03851,40,2026-04-28,1,1,1,1,0,,,,,,,,,,"openalex-round3-sen; hits=sen,ai_analytics"
R3SA004,SEN+Adaptive,special educational needs adaptive learning system,Connecting Through Technology During the Coronavirus Disease 2019 Pandemic: Avoiding “Zoom Fatigue”,Brenda K. Wiederhold,2020,Cyberpsychology Behavior and Social Networking,journal,10.1089/cyber.2020.29188.bkw,https://doi.org/10.1089/cyber.2020.29188.bkw,499,2026-04-28,1,1,1,1,0,,,,,,,,,,"openalex-round3-sen; hits=sen,adaptive,observable_signal"
R3SA005,SEN+Adaptive,special educational needs adaptive learning system,STUDY OF TEACHERS ' IDEAS ABOUT INCLUSIVE EDUCATION OF DENTAL STUDENTS,D.S Tishkov,2020,AZIMUTH OF SCIENTIFIC RESEARCH PEDAGOGY AND PSYCHOLOGY,journal,10.26140/anip-2020-0904-0054,https://doi.org/10.26140/anip-2020-0904-0054,20,2026-04-28,1,1,1,1,0,,,,,,,,,,"openalex-round3-sen; hits=sen,adaptive,ai_analytics"
R3SA006,SEN+Adaptive,special educational needs adaptive learning system,Acceptability of the e-authentication in higher education studies: views of students with special educational needs and disabilities,Merja Laamanen; Tarja Ladonlahti; Sanna Uotinen; Alexandra Okada; David Bañeres; Serpil Koçdar,2021,International Journal of Educational Technology in Higher Education,journal,10.1186/s41239-020-00236-9,https://doi.org/10.1186/s41239-020-00236-9,25,2026-04-28,1,1,1,1,0,,,,,,,,,,"openalex-round3-sen; hits=sen,adaptive"
R3SA007,SEN+Adaptive,special educational needs adaptive learning system,Electronic Technologies to Ensure Individual Learning of Education Seekers with Special Needs,М.К. Искакова,2023,Futurity of Social Sciences.,journal,10.57125/fs.2023.03.20.01,https://doi.org/10.57125/fs.2023.03.20.01,16,2026-04-28,1,1,1,1,0,,,,,,,,,,"openalex-round3-sen; hits=sen,adaptive"
R3SA008,SEN+Adaptive,special educational needs adaptive learning system,Advances and Open Problems in Federated Learning,Peter Kairouz; H. Brendan McMahan,2020,Foundations and Trends® in Machine Learning,journal,10.1561/2200000083,https://doi.org/10.1561/2200000083,4478,2026-04-28,1,1,1,1,0,,,,,,,,,,"openalex-round3-sen; hits=sen,ai_analytics"
R3SA009,SEN+Adaptive,special educational needs adaptive learning system,Facebook Messenger as an Educational Platform to Scaffold Deaf Students’ Conceptual Understanding in Environmental Science Subject: A Single Group Quasi-Experimental Study,Jayson A. Dela Fuente,2021,International Journal of Education,journal,10.17509/ije.v14i1.31386,https://doi.org/10.17509/ije.v14i1.31386,22,2026-04-28,1,1,1,1,0,,,,,,,,,,"openalex-round3-sen; hits=sen,adaptive"
R3SA010,SEN+Adaptive,special educational needs adaptive learning system,Framework Design for Reinforcing the Potential of XR Technologies in Transforming Inclusive Education,Monica Barbu; Dragoș Daniel Iordache; Ionuţ Petre; Dragos-Cătălin Barbu; Lidia Bãjenaru,2025,Applied Sciences,journal,10.3390/app15031484,https://doi.org/10.3390/app15031484,12,2026-04-28,1,1,1,1,0,,,,,,,,,,"openalex-round3-sen; hits=sen,adaptive,ai_analytics"
R3SA011,SEN+Adaptive,special educational needs adaptive learning system,Virtually the same?: Online higher education in the post Covid‐19 era,Xianghan O’Dea; Julian Stern,2022,British Journal of Educational Technology,editorial,10.1111/bjet.13211,https://doi.org/10.1111/bjet.13211,59,2026-04-28,1,1,1,1,0,,,,,,,,,,"openalex-round3-sen; hits=sen,adaptive,observable_signal"
R3SA012,SEN+Adaptive,special educational needs adaptive learning system,Hybrid intelligence: Human– <scp>AI</scp> coevolution and learning,Sanna Järvelä; Guoying Zhao; Andy Nguyen; Haoyu Chen,2025,British Journal of Educational Technology,journal,10.1111/bjet.13560,https://doi.org/10.1111/bjet.13560,34,2026-04-28,1,1,1,1,0,,,,,,,,,,"openalex-round3-sen; hits=sen,adaptive,ai_analytics,observable_signal"
R3SA013,SEN+Adaptive,special educational needs adaptive learning system,The Role of Artificial Intelligence in the Education of Students with Special Needs,Ayşe Alkan,2024,International Journal of Technology in Education and Science,journal,10.46328/ijtes.569,https://doi.org/10.46328/ijtes.569,10,2026-04-28,1,1,1,1,0,,,,,,,,,,"openalex-round3-sen; hits=sen,adaptive,ai_analytics"
R3SA014,SEN+Adaptive,special educational needs adaptive learning system,"Embedding Digital Technologies (AI and ICT) into Physical Education: A Systematic Review of Innovations, Pedagogical Impact, and Challenges",Dragoș Ioan Tohănean; Ana-Maria Vulpe; Raluca Mijaică; Dan Iulian Alexe,2025,Applied Sciences,review_article,10.3390/app15179826,https://doi.org/10.3390/app15179826,15,2026-04-28,1,1,1,1,0,,,,,,,,,,"openalex-round3-sen; hits=sen,adaptive,ai_analytics"
R3SA015,SEN+Adaptive,special educational needs adaptive learning system,Digital tools for assessing educational achievements by students with disabilities in an inclusive educational environment,Elena A. Shumilova; Kuzma L. Prano; Lia S. Makuha,2022,Perspectives of science and education,journal,10.32744/pse.2022.6.19,https://doi.org/10.32744/pse.2022.6.19,10,2026-04-28,1,1,1,1,0,,,,,,,,,,"openalex-round3-sen; hits=sen,ai_analytics"
R3SA016,SEN+Adaptive,special educational needs adaptive learning system,The role of teachers and administrators in supporting the adaptation of students with special needs in mainstream high schools,Amir Mahmood; Xiao Huang; Nadia Rehman,2024,Quality Education for All,journal,10.1108/qea-06-2024-0054,https://doi.org/10.1108/qea-06-2024-0054,13,2026-04-28,1,1,1,1,0,,,,,,,,,,"openalex-round3-sen; hits=sen,adaptive"
R3SA017,SEN+Adaptive,special educational needs adaptive learning system,Inclusion through folk high school in Sweden – the experience of young adult students with high-functioning autism,Martin Hugo; Joel Hedegaard,2020,Disability and Rehabilitation,journal,10.1080/09638288.2020.1717651,https://doi.org/10.1080/09638288.2020.1717651,15,2026-04-28,1,1,1,1,0,,,,,,,,,,"openalex-round3-sen; hits=sen,adaptive"
R3SA018,SEN+Adaptive,special educational needs adaptive learning system,AI-Driven Innovation Using Multimodal and Personalized Adaptive Education for Students With Special Needs,Nesren Farhah; Muhammad Adnan; Ahmed Abdullah Alqarni; M. Irfan Uddin; Theyazn H. H. Aldhyani,2025,IEEE Access,journal,10.1109/access.2025.3560863,https://doi.org/10.1109/access.2025.3560863,8,2026-04-28,1,1,1,1,0,,,,,,,,,,"openalex-round3-sen; hits=sen,adaptive,ai_analytics,observable_signal"
R3SA019,SEN+Adaptive,special educational needs adaptive learning system,E-learning issues and solutions for students with disabilities during COVID-19 pandemic: Al-Zaytoonah University of Jordan case study,Amal Ahmad; Mohammad Abdul Jawad; Khalid Mohammad Jaber,2022,International Journal of Evaluation and Research in Education (IJERE),journal,10.11591/ijere.v11i4.22842,https://doi.org/10.11591/ijere.v11i4.22842,9,2026-04-28,1,1,1,1,0,,,,,,,,,,"openalex-round3-sen; hits=sen,adaptive"
R3SA020,SEN+Adaptive,special educational needs adaptive learning system,Online and Remote Learning in Higher Education Institutes: A Necessity in light of COVID-19 Pandemic,Wahab Ali,2020,Higher Education Studies,journal,10.5539/hes.v10n3p16,https://doi.org/10.5539/hes.v10n3p16,1654,2026-04-28,1,1,1,1,0,,,,,,,,,,"openalex-round3-sen; hits=sen,adaptive"
R3SA021,SEN+Adaptive,special educational needs adaptive learning system,Use of AI to improve the teaching-learning process in children with special abilities,Esteban Rodríguez Torres; Raúl Comas Rodríguez; Edwin Tovar Briñez,2023,LatIA,journal,10.62486/latia202321,https://doi.org/10.62486/latia202321,12,2026-04-28,1,1,1,1,0,,,,,,,,,,"openalex-round3-sen; hits=sen,adaptive,ai_analytics"
R3SA022,SEN+Adaptive,special educational needs adaptive learning system,The Use of Adaptive Learning Technologies in e-Learning for Inclusive Education: A Systematic Review,Suren Gevorgyan,2024,E-Learning Innovations Journal.,review_article,10.57125/elij.2024.03.25.05,https://doi.org/10.57125/elij.2024.03.25.05,5,2026-04-28,1,1,1,1,0,,,,,,,,,,"openalex-round3-sen; hits=sen,adaptive"
R3SA023,SEN+Adaptive,special educational needs adaptive learning system,Online Learning and Emergency Remote Teaching: Opportunities and Challenges in Emergency Situations,Fernando Ferri; Patrizia Grifoni; Tiziana Guzzo,2020,Societies,journal,10.3390/soc10040086,https://doi.org/10.3390/soc10040086,1325,2026-04-28,1,1,1,1,0,,,,,,,,,,"openalex-round3-sen; hits=sen,adaptive"
R3SA024,SEN+Adaptive,special educational needs adaptive learning system,Inclusion of Young Children with Special Needs in Early Childhood Education in the United States: Advantages and Disadvantages,Siyu Chen; Qixuan Huang; Zhiyi Liu; Haijing Wang,2022,"Advances in Social Science, Education and Humanities Research/Advances in social science, education and humanities research",journal,10.2991/assehr.k.220105.038,https://doi.org/10.2991/assehr.k.220105.038,4,2026-04-28,1,1,1,1,0,,,,,,,,,,"openalex-round3-sen; hits=sen,observable_signal"
R3SA025,SEN+Adaptive,special educational needs adaptive learning system,SYSTEMATIC REVIEW ON AI IN SPECIAL EDUCATION: ENHANCING LEARNING FOR NEURODIVERSE STUDENTS,Dinesh Deckker; Subhashini Sumanasekara,2025,EPRA International Journal of Multidisciplinary Research (IJMR),journal,10.36713/epra20360,https://doi.org/10.36713/epra20360,5,2026-04-28,1,1,1,1,0,,,,,,,,,,"openalex-round3-sen; hits=sen,adaptive,ai_analytics,observable_signal"
R3SA026,SEN+Adaptive,special educational needs adaptive learning system,"A Metaverse: Taxonomy, Components, Applications, and Open Challenges",Sangmin Park; Young‐Gab Kim,2022,IEEE Access,journal,10.1109/access.2021.3140175,https://doi.org/10.1109/access.2021.3140175,1719,2026-04-28,1,1,1,1,0,,,,,,,,,,"openalex-round3-sen; hits=sen,ai_analytics"
R3SA027,SEN+Adaptive,special educational needs adaptive learning system,Development of the Japanese Inclusive Education System: From Special Schools to Curriculum Modification for Special-Needs Education in Regular Schools,Hiroki Yoneda,2020,"Proceedings of the 1st Progress in Social Science, Humanities and Education Research Symposium (PSSHERS 2019)",journal,10.2991/assehr.k.200824.228,https://doi.org/10.2991/assehr.k.200824.228,4,2026-04-28,1,1,1,1,0,,,,,,,,,,"openalex-round3-sen; hits=sen,adaptive"
R3SA028,SEN+Adaptive,special educational needs adaptive learning system,Incorporation of Media Arts for Chilean Young Students With Special Learning Needs,Diego Bernaschina,2023,Journal of International Education and Practice,journal,10.30564/jiep.v5i2.5038,https://doi.org/10.30564/jiep.v5i2.5038,3,2026-04-28,1,1,1,1,0,,,,,,,,,,"openalex-round3-sen; hits=sen,adaptive"
R3SA029,SEN+Adaptive,special educational needs adaptive learning system,Suspending Classes Without Stopping Learning: China’s Education Emergency Management Policy in the COVID-19 Outbreak,Wunong Zhang; Yuxin Wang; Lili Yang; Chuanyi Wang,2020,Journal of risk and financial management,journal,10.3390/jrfm13030055,https://doi.org/10.3390/jrfm13030055,1059,2026-04-28,1,1,1,1,0,,,,,,,,,,"openalex-round3-sen; hits=sen,adaptive"
R3SA030,SEN+Adaptive,special educational needs adaptive learning system,INOVATIVNI MODELI I NOVE TEHNOLOGIJE U FUNKCIJI RAZVOJA I KOOPERACIJE PREDUZEĆA I OBRAZOVANJA,Dragana Trifunović; Goran Lalić; Stevica Deđanski; Milica Nestorović; Vuk Bevanda,2024,Akcionarstvo,journal,10.65772/ak2024109,https://doi.org/10.65772/ak2024109,5,2026-04-28,1,1,1,1,0,,,,,,,,,,"openalex-round3-sen; hits=sen,adaptive,ai_analytics"
R3SA031,SEN+Adaptive,special educational needs adaptive learning system,Artificial Intelligence and Sensor Technologies the Future of Education Students with and without Intellectual and Developmental Disabilities,R. C. Lamb; Ikseon Choi; Tasha Owens,2023,International Journal of Psychology and Neuroscience,journal,10.56769/ijpn09102,http://dx.doi.org/10.56769/ijpn09102,6,2026-04-28,1,1,1,1,0,,,,,,,,,,"openalex-round3-sen; hits=sen,adaptive,ai_analytics,observable_signal"
R3SA032,SEN+Adaptive,special educational needs adaptive learning system,Ethical principles for artificial intelligence in education,Andy Nguyen; Ha Ngan Ngo; Yvonne Hong; Belle Dang; Bich‐Phuong Thi Nguyen,2022,Education and Information Technologies,journal,10.1007/s10639-022-11316-w,https://doi.org/10.1007/s10639-022-11316-w,948,2026-04-28,1,1,1,1,0,,,,,,,,,,"openalex-round3-sen; hits=sen,ai_analytics"
R3SA033,SEN+Adaptive,special educational needs adaptive learning system,The Inclusion of a Student Voice in Teacher Professional Learning to Create Relevance in Science Education,Anders Jidesjö,2021,Social Education Research,journal,10.37256/ser.222021772,https://doi.org/10.37256/ser.222021772,5,2026-04-28,1,1,1,1,0,,,,,,,,,,"openalex-round3-sen; hits=sen,adaptive,ai_analytics"
R3SA034,SEN+Adaptive,special educational needs adaptive learning system,Effective Pedagogical Strategies and Support Mechanisms for Enhancing the Learning Outcomes of Students with Special Educational Needs: A Systematic Approach,Professor Kaloyan Damyanov,2024,International Journal of Scientific Research and Management (IJSRM),journal,10.18535/ijsrm/v12i10.el03,https://doi.org/10.18535/ijsrm/v12i10.el03,4,2026-04-28,1,1,1,1,0,,,,,,,,,,"openalex-round3-sen; hits=sen,adaptive"
R3SA035,SEN+Adaptive,special educational needs adaptive learning system,COVID-19 and teacher education: a literature review of online teaching and learning practices,Carmen Carrillo; María Assunção Flores,2020,European Journal of Teacher Education,review_article,10.1080/02619768.2020.1821184,https://doi.org/10.1080/02619768.2020.1821184,1003,2026-04-28,1,1,1,1,0,,,,,,,,,,"openalex-round3-sen; hits=sen,adaptive"
R3SO001,SEN+ObservableSignals,special educational needs learning analytics prediction,Advances and Open Problems in Federated Learning,Peter Kairouz; H. Brendan McMahan,2020,Foundations and Trends® in Machine Learning,journal,10.1561/2200000083,https://doi.org/10.1561/2200000083,4478,2026-04-28,1,1,0,1,1,,,,,,,,,,"openalex-round3-sen; hits=sen,ai_analytics"
R3SO002,SEN+ObservableSignals,special educational needs learning analytics prediction,Hybrid intelligence: Human– <scp>AI</scp> coevolution and learning,Sanna Järvelä; Guoying Zhao; Andy Nguyen; Haoyu Chen,2025,British Journal of Educational Technology,journal,10.1111/bjet.13560,https://doi.org/10.1111/bjet.13560,34,2026-04-28,1,1,0,1,1,,,,,,,,,,"openalex-round3-sen; hits=sen,adaptive,ai_analytics,observable_signal"
R3SO003,SEN+ObservableSignals,special educational needs learning analytics prediction,Support of individual educational trajectories based on the concept of explainable artificial intelligence,Irina G. Zakharova; Marina S. Vorobeva; Yu. V. Boganyuk,2022,The Education and science journal,journal,10.17853/1994-5639-2022-1-163-190,https://doi.org/10.17853/1994-5639-2022-1-163-190,15,2026-04-28,1,1,0,1,1,,,,,,,,,,"openalex-round3-sen; hits=sen,adaptive,ai_analytics"
R3SO004,SEN+ObservableSignals,special educational needs learning analytics prediction,Special issue “Towards a higher education of the future: Transformational roles of edge intelligence”,Ruchi Doshi; Yu‐Chen Hu; Lalit Garg; Temitayo Matthew Fagbola,2023,Array,journal,10.1016/j.array.2023.100332,https://doi.org/10.1016/j.array.2023.100332,11,2026-04-28,1,1,0,1,1,,,,,,,,,,"openalex-round3-sen; hits=sen,adaptive,ai_analytics"
R3SO005,SEN+ObservableSignals,special educational needs learning analytics prediction,Ethical principles for artificial intelligence in education,Andy Nguyen; Ha Ngan Ngo; Yvonne Hong; Belle Dang; Bich‐Phuong Thi Nguyen,2022,Education and Information Technologies,journal,10.1007/s10639-022-11316-w,https://doi.org/10.1007/s10639-022-11316-w,948,2026-04-28,1,1,0,1,1,,,,,,,,,,"openalex-round3-sen; hits=sen,ai_analytics"
R3SO006,SEN+ObservableSignals,special educational needs learning analytics prediction,"Historical threads, missing links, and future directions in AI in education",Ben Williamson; Rebecca Eynon,2020,Learning Media and Technology,journal,10.1080/17439884.2020.1798995,https://doi.org/10.1080/17439884.2020.1798995,575,2026-04-28,1,1,0,1,1,,,,,,,,,,"openalex-round3-sen; hits=sen,ai_analytics,observable_signal"
R3SO007,SEN+ObservableSignals,special educational needs learning analytics prediction,Artificial Intelligence in Education: AIEd for Personalised Learning Pathways,Olga Tapalova; Nadezhda Zhiyenbayeva,2022,The Electronic Journal of e-Learning,journal,10.34190/ejel.20.5.2597,https://doi.org/10.34190/ejel.20.5.2597,529,2026-04-28,1,1,0,1,1,,,,,,,,,,"openalex-round3-sen; hits=sen,adaptive,ai_analytics"
R3SO008,SEN+ObservableSignals,special educational needs learning analytics prediction,"Embracing the future of Artificial Intelligence in the classroom: the relevance of AI literacy, prompt engineering, and critical thinking in modern education",Yoshija Walter,2024,International Journal of Educational Technology in Higher Education,journal,10.1186/s41239-024-00448-3,https://doi.org/10.1186/s41239-024-00448-3,705,2026-04-28,1,1,0,1,1,,,,,,,,,,"openalex-round3-sen; hits=sen,adaptive,ai_analytics"
R3SO009,SEN+ObservableSignals,special educational needs learning analytics prediction,"Deep learning modelling techniques: current progress, applications, advantages, and challenges",Shams Forruque Ahmed; Md. Sakib Bin Alam; Maruf Hassan; Mahtabin Rodela Rozbu; Taoseef Ishtiak; Nazifa Rafa; M. Mofijur; A. B. M. Shawkat Ali,2023,Artificial Intelligence Review,journal,10.1007/s10462-023-10466-8,https://doi.org/10.1007/s10462-023-10466-8,887,2026-04-28,1,1,0,1,1,,,,,,,,,,"openalex-round3-sen; hits=sen,ai_analytics"
R3SO010,SEN+ObservableSignals,special educational needs learning analytics prediction,Revolutionizing nursing education and care: The role of artificial intelligence in nursing,Golnar Ghane; Shahrzad Ghiyasvandian; Amir Mohammad Chekeni; Raoofeh Karimi,2024,Nurse author & editor,journal,10.1111/nae2.12057,https://doi.org/10.1111/nae2.12057,15,2026-04-28,1,1,0,1,1,,,,,,,,,,"openalex-round3-sen; hits=sen,adaptive,ai_analytics"
R3SO011,SEN+ObservableSignals,special educational needs learning analytics prediction,Defining and Measuring Academic Success,Travis York; Charles Gibson; Susan Rankin,2020,Scholarworks (University of Massachusetts Amherst),journal,10.7275/hz5x-tx03,https://scholarworks.umass.edu/pare/vol20/iss1/5,589,2026-04-28,1,1,0,1,1,,,,,,,,,,"openalex-round3-sen; hits=sen,ai_analytics"
R3SO012,SEN+ObservableSignals,special educational needs learning analytics prediction,Automatic feedback in online learning environments: A systematic literature review,Anderson Pinheiro Cavalcanti; Arthur Barbosa; Ruan Carvalho; Fred Freitas; Yi‐Shan Tsai; Dragan Gašević; Rafael Ferreira Mello,2021,Computers and Education Artificial Intelligence,journal,10.1016/j.caeai.2021.100027,https://doi.org/10.1016/j.caeai.2021.100027,402,2026-04-28,1,1,0,1,1,,,,,,,,,,"openalex-round3-sen; hits=sen,adaptive,observable_signal"
R3SO013,SEN+ObservableSignals,special educational needs learning analytics prediction,Graph neural networks for materials science and chemistry,Patrick Reiser; Marlen Neubert; André Eberhard; Luca Torresi; Chen Zhou; Chen Shao; Houssam Metni; Clint van Hoesel,2022,Communications Materials,review,10.1038/s43246-022-00315-6,https://doi.org/10.1038/s43246-022-00315-6,690,2026-04-28,1,1,0,1,1,,,,,,,,,,"openalex-round3-sen; hits=sen,ai_analytics"
R3SO014,SEN+ObservableSignals,special educational needs learning analytics prediction,The Recent Progress and Applications of Digital Technologies in Healthcare: A Review,Maksut Senbekov; Timur Saliev; Zhanar Bukeyeva; Aigul Almabayeva; Marina Zhanaliyeva; Nazym Aitenova; Yerzhan Toishibekov; Ildar Fakhradiyev,2020,International Journal of Telemedicine and Applications,review_article,10.1155/2020/8830200,https://doi.org/10.1155/2020/8830200,400,2026-04-28,1,1,0,1,1,,,,,,,,,,"openalex-round3-sen; hits=sen,ai_analytics"
R3SO015,SEN+ObservableSignals,special educational needs learning analytics prediction,"AI-Based Personalized E-Learning Systems: Issues, Challenges, and Solutions",Mir Murtaza; Yamna Ahmed; Jawwad Ahmed Shamsi; Fahad Sherwani; Mariam Usman,2022,IEEE Access,journal,10.1109/access.2022.3193938,https://doi.org/10.1109/access.2022.3193938,314,2026-04-28,1,1,0,1,1,,,,,,,,,,"openalex-round3-sen; hits=sen,adaptive,ai_analytics"
R3SO016,SEN+ObservableSignals,special educational needs learning analytics prediction,"AI-big data analytics for building automation and management systems: a survey, actual challenges and future perspectives",Yassine Himeur; Mariam Elnour; Fodil Fadli; Nader Meskin; Ioan Petri; Yacine Rezgui; Fayçal Bensaali; Abbes Amira,2022,Artificial Intelligence Review,journal,10.1007/s10462-022-10286-2,https://doi.org/10.1007/s10462-022-10286-2,463,2026-04-28,1,1,0,1,1,,,,,,,,,,"openalex-round3-sen; hits=sen,ai_analytics"
R3SO017,SEN+ObservableSignals,special educational needs learning analytics prediction,Human-in-the-loop machine learning: a state of the art,Eduardo Mosqueira-Rey; Elena Hernández-Pereira; David Alonso-Ríos; José Bobes-Bascarán; Ángel Fernández-Leal,2022,Artificial Intelligence Review,journal,10.1007/s10462-022-10246-w,https://doi.org/10.1007/s10462-022-10246-w,766,2026-04-28,1,1,0,1,1,,,,,,,,,,"openalex-round3-sen; hits=sen,ai_analytics"
R3SO018,SEN+ObservableSignals,special educational needs learning analytics prediction,All you need to know about model predictive control for buildings,Ján Drgoňa; Javier Arroyo; Iago Cupeiro Figueroa; David Blum; Krzysztof Arendt; Donghun Kim; Enric Perarnau Ollé; Juraj Oravec,2020,Annual Reviews in Control,journal,10.1016/j.arcontrol.2020.09.001,https://doi.org/10.1016/j.arcontrol.2020.09.001,829,2026-04-28,1,1,0,1,1,,,,,,,,,,"openalex-round3-sen; hits=sen,ai_analytics"
R3SO019,SEN+ObservableSignals,special educational needs learning analytics prediction,<scp>AI</scp>‐driven adaptive learning for sustainable educational transformation,Wadim Striełkowski; Вероника Гребенникова; Alexander Lisovskiy; Guzalbegim Rakhimova; Tatiana Vasileva,2024,Sustainable Development,journal,10.1002/sd.3221,https://doi.org/10.1002/sd.3221,328,2026-04-28,1,1,0,1,1,,,,,,,,,,"openalex-round3-sen; hits=sen,adaptive,ai_analytics"
R3SO020,SEN+ObservableSignals,special educational needs learning analytics prediction,"A critical evaluation, challenges, and future perspectives of using artificial intelligence and emerging technologies in smart classrooms",Elenı Dimitriadou; Andreas Lanitis,2023,Smart Learning Environments,review,10.1186/s40561-023-00231-3,https://doi.org/10.1186/s40561-023-00231-3,294,2026-04-28,1,1,0,1,1,,,,,,,,,,"openalex-round3-sen; hits=sen,adaptive,ai_analytics"
R3SO021,SEN+ObservableSignals,special educational needs learning analytics prediction,Entrepreneurship Education through Successful Entrepreneurial Models in Higher Education Institutions,Gabriela Boldureanu; Alina Măriuca Ionescu; Ana‐Maria Bercu; Maria Viorica Bedrule-Grigoruță; Daniel Boldureanu,2020,Sustainability,journal,10.3390/su12031267,https://doi.org/10.3390/su12031267,600,2026-04-28,1,1,0,1,1,,,,,,,,,,"openalex-round3-sen; hits=sen,ai_analytics"
R3SO022,SEN+ObservableSignals,special educational needs learning analytics prediction,Human- versus Artificial Intelligence,J.E. Korteling; G. C. van de Boer-Visschedijk; Romy Blankendaal; Rudy Boonekamp; A.R. Eikelboom,2021,Frontiers in Artificial Intelligence,review,10.3389/frai.2021.622364,https://doi.org/10.3389/frai.2021.622364,512,2026-04-28,1,1,0,1,1,,,,,,,,,,"openalex-round3-sen; hits=sen,ai_analytics"
R3SO023,SEN+ObservableSignals,special educational needs learning analytics prediction,A Survey on Causal Inference,Liuyi Yao; Zhixuan Chu; Sheng Li; Yaliang Li; Jing Gao; Aidong Zhang,2021,ACM Transactions on Knowledge Discovery from Data,journal,10.1145/3444944,https://doi.org/10.1145/3444944,430,2026-04-28,1,1,0,1,1,,,,,,,,,,"openalex-round3-sen; hits=sen,ai_analytics"
R3SO024,SEN+ObservableSignals,special educational needs learning analytics prediction,A Machine Learning and Multi-Criteria Decision-Making Framework for Student Grade Prediction,Duško Tešić,2025,Smart Multi-Criteria Analytics and Reasoning Technologies,journal,10.65069/smart1120253,https://doi.org/10.65069/smart1120253,1,2026-04-28,1,1,0,1,1,,,,,,,,,,"openalex-round3-sen; hits=sen,adaptive,ai_analytics"
R3SO025,SEN+ObservableSignals,special educational needs learning analytics prediction,Learning Management System (LMS) Use with Online Instruction,Vaughn Malcolm Bradley,2020,International Journal of Technology in Education,journal,10.46328/ijte.36,https://doi.org/10.46328/ijte.36,318,2026-04-28,1,1,0,1,1,,,,,,,,,,"openalex-round3-sen; hits=sen,adaptive,ai_analytics"
R3SO026,SEN+ObservableSignals,special educational needs learning analytics prediction,A Review of the Trends and Challenges in Adopting Natural Language Processing Methods for Education Feedback Analysis,Thanveer Shaik; Xiaohui Tao; Yan Li; Christopher Dann; Jacquie McDonald; Petrea Redmond; Linda Galligan,2022,IEEE Access,review_article,10.1109/access.2022.3177752,https://doi.org/10.1109/access.2022.3177752,249,2026-04-28,1,1,0,1,1,,,,,,,,,,"openalex-round3-sen; hits=sen,ai_analytics"
R3SO027,SEN+ObservableSignals,special educational needs learning analytics prediction,Artificial intelligence applications in Latin American higher education: a systematic review,Sdenka Zobeida Salas‐Pilco; Yuqin Yang,2022,International Journal of Educational Technology in Higher Education,review_article,10.1186/s41239-022-00326-w,https://doi.org/10.1186/s41239-022-00326-w,258,2026-04-28,1,1,0,1,1,,,,,,,,,,"openalex-round3-sen; hits=sen,adaptive,ai_analytics"
R3SO028,SEN+ObservableSignals,special educational needs learning analytics prediction,"Beware of metacognitive laziness: Effects of generative artificial intelligence on learning motivation, processes, and performance",Yizhou Fan; Luzhen Tang; Huixiao Le; Kejie Shen; Shufang Tan; Yueying Zhao; Yüan Shen; Xinyu Li,2024,British Journal of Educational Technology,journal,10.1111/bjet.13544,https://doi.org/10.1111/bjet.13544,312,2026-04-28,1,1,0,1,1,,,,,,,,,,"openalex-round3-sen; hits=sen,adaptive,ai_analytics,observable_signal"
R3SO029,SEN+ObservableSignals,special educational needs learning analytics prediction,A comprehensive review of deep learning applications in hydrology and water resources,Muhammed Sit; Bekir Zahit Demiray; Zhongrun Xiang; Gregory J. Ewing; Yusuf Sermet; İbrahim Demir,2020,Water Science & Technology,review_article,10.2166/wst.2020.369,https://doi.org/10.2166/wst.2020.369,556,2026-04-28,1,1,0,1,1,,,,,,,,,,"openalex-round3-sen; hits=sen,ai_analytics,observable_signal"
R3SO030,SEN+ObservableSignals,special educational needs learning analytics prediction,Empowering learners for the age of artificial intelligence,Dragan Gašević; George Siemens; Shazia Sadiq,2023,Computers and Education Artificial Intelligence,journal,10.1016/j.caeai.2023.100130,https://doi.org/10.1016/j.caeai.2023.100130,209,2026-04-28,1,1,0,1,1,,,,,,,,,,"openalex-round3-sen; hits=sen,ai_analytics"
R3SO031,SEN+ObservableSignals,special educational needs learning analytics prediction,Knowledge Tracing: A Survey,Ghodai Abdelrahman; Qing Wang; Bernardo Pereira Nunes,2022,ACM Computing Surveys,review,10.1145/3569576,https://doi.org/10.1145/3569576,348,2026-04-28,1,1,0,1,1,,,,,,,,,,"openalex-round3-sen; hits=sen,adaptive,ai_analytics"
R3SO032,SEN+ObservableSignals,special educational needs learning analytics prediction,The promise and challenges of generative AI in education,Michail N. Giannakos; Roger Azevedo; Peter Brusilovsky; Mutlu Cukurova; Yannis Dimitriadis; Davinia Hernández‐Leo; Sanna Järvelä; Manolis Mavrikis,2024,Behaviour and Information Technology,journal,10.1080/0144929x.2024.2394886,https://doi.org/10.1080/0144929x.2024.2394886,264,2026-04-28,1,1,0,1,1,,,,,,,,,,"openalex-round3-sen; hits=sen,adaptive,ai_analytics"
R3SO033,SEN+ObservableSignals,special educational needs learning analytics prediction,Survey on categorical data for neural networks,John Hancock; Taghi M. Khoshgoftaar,2020,Journal Of Big Data,journal,10.1186/s40537-020-00305-w,https://doi.org/10.1186/s40537-020-00305-w,577,2026-04-28,1,1,0,1,1,,,,,,,,,,"openalex-round3-sen; hits=sen,ai_analytics"
R3SO034,SEN+ObservableSignals,special educational needs learning analytics prediction,Quantum Simulators: Architectures and Opportunities,Ehud Altman; Kenneth R. Brown; Giuseppe Carleo; Lincoln D. Carr; Eugene Demler; Cheng Chin; Brian DeMarco; Sophia E. Economou,2021,PRX Quantum,journal,10.1103/prxquantum.2.017003,https://doi.org/10.1103/prxquantum.2.017003,521,2026-04-28,1,1,0,1,1,,,,,,,,,,"openalex-round3-sen; hits=sen,adaptive"
R3SO035,SEN+ObservableSignals,special educational needs learning analytics prediction,Theories of Motivation in Education: an Integrative Framework,Detlef Urhahne; Lisette Wijnia,2023,Educational Psychology Review,journal,10.1007/s10648-023-09767-9,https://doi.org/10.1007/s10648-023-09767-9,235,2026-04-28,1,1,0,1,1,,,,,,,,,,"openalex-round3-sen; hits=sen,ai_analytics"
R3SB001,BridgeTerms,neurodiversity special educational needs education,Addressing Neurodiversity Within Educator Preparation,Kara Rosenblatt; Adriana Frates; Haidee Jackson,2023,Advances in higher education and professional development book series,book-chapter,10.4018/979-8-3693-0163-0.ch002,http://dx.doi.org/10.4018/979-8-3693-0163-0.ch002,3,2026-04-28,1,1,1,1,1,,,,,,,,,,"openalex-round3-sen; hits=sen,adaptive,observable_signal"
R3SB002,BridgeTerms,neurodiversity special educational needs education,Research Priorities in Neuroeducation: Exploring the Views of Early Career Neuroscientists and Educators,Anne‐Laure Le Cunff; Hannah C. Wood; Petra Kis-Herczegh; Eleanor J. Dommett,2024,Education Sciences,journal,10.3390/educsci14101117,https://doi.org/10.3390/educsci14101117,2,2026-04-28,1,1,1,1,1,,,,,,,,,,"openalex-round3-sen; hits=sen,adaptive,observable_signal"
R3SB003,BridgeTerms,neurodiversity special educational needs education,Guest editorial: Fostering inclusive approaches for learners with special needs,Heidi Flavian; Jeffrey W. Alstete,2024,Quality Assurance in Education,editorial,10.1108/qae-10-2024-218,https://doi.org/10.1108/qae-10-2024-218,1,2026-04-28,1,1,1,1,1,,,,,,,,,,"openalex-round3-sen; hits=sen,adaptive"
R3SB004,BridgeTerms,neurodiversity special educational needs education,Compassionate pedagogy for neurodiversity in higher education: A conceptual analysis,Lorna Hamilton; Stephanie Petty,2023,Frontiers in Psychology,review,10.3389/fpsyg.2023.1093290,https://doi.org/10.3389/fpsyg.2023.1093290,141,2026-04-28,1,1,1,1,1,,,,,,,,,,"openalex-round3-sen; hits=sen,adaptive,observable_signal"
R3SB005,BridgeTerms,neurodiversity special educational needs education,Supporting mainstream school staff in England to meet the needs and address educational inequalities in autistic girls,Mary J. Ward; Lauren Powell,2025,International Journal of Inclusive Education,journal,10.1080/13603116.2025.2560002,https://doi.org/10.1080/13603116.2025.2560002,1,2026-04-28,1,1,1,1,1,,,,,,,,,,"openalex-round3-sen; hits=sen,adaptive"
R3SB006,BridgeTerms,neurodiversity special educational needs education,Early Diagnosis of Autism Spectrum Disorder: A Review and Analysis of the Risks and Benefits,Chiugo Okoye; Chidi M Obialo-Ibeawuchi; Omobolanle A Obajeun; Sarosh Sarwar; Christine Tawfik; Madeeha Subhan Waleed; Asad Ullah Wasim; Iman Mohamoud,2023,Cureus,review_article,10.7759/cureus.43226,https://doi.org/10.7759/cureus.43226,159,2026-04-28,1,1,1,1,1,,,,,,,,,,"openalex-round3-sen; hits=sen,adaptive,ai_analytics"
R3SB007,BridgeTerms,neurodiversity special educational needs education,Editorial: Break the stigma: autism,Nichole E. Scheerer; Catalina S. M. Ng; Ava N. Gurba; Morgan L. McNair; Matthew D. Lerner; April Hargreaves,2024,Frontiers in Psychiatry,editorial,10.3389/fpsyt.2024.1513447,https://doi.org/10.3389/fpsyt.2024.1513447,3,2026-04-28,1,1,1,1,1,,,,,,,,,,"openalex-round3-sen; hits=sen,adaptive"
R3SB008,BridgeTerms,neurodiversity special educational needs education,"Growing up with dyslexia: Child and parent perspectives on school struggles, self‐esteem, and mental health",Adrienne Wilmot; Hannah Pizzey; Suze Leitão; Penelope Hasking; Mark Boyes,2022,Dyslexia,journal,10.1002/dys.1729,https://doi.org/10.1002/dys.1729,69,2026-04-28,1,1,1,1,1,,,,,,,,,,"openalex-round3-sen; hits=sen,adaptive"
R3SB009,BridgeTerms,neurodiversity special educational needs education,Neurodiversity-Affirming Practices are a Moral Imperative for Occupational Therapy,Aaron Dallman; Kathryn L. Williams; Lauren Villa,2022,The Open Journal of Occupational Therapy,journal,10.15453/2168-6408.1937,https://doi.org/10.15453/2168-6408.1937,76,2026-04-28,1,1,1,1,1,,,,,,,,,,"openalex-round3-sen; hits=sen,adaptive"
R3SB010,BridgeTerms,neurodiversity special educational needs education,Reframing neurodiversity in engineering education,Maria Chrysochoou; Arash E. Zaghi; Connie Syharat,2022,Frontiers in Education,journal,10.3389/feduc.2022.995865,https://doi.org/10.3389/feduc.2022.995865,55,2026-04-28,1,1,1,1,1,,,,,,,,,,"openalex-round3-sen; hits=sen,ai_analytics,observable_signal"
R3SB011,BridgeTerms,neurodiversity special educational needs education,Autism Through an Intersectional Neurodiversity Lens,,2024,Topics in Language Disorders,journal,10.1097/tld.0000000000000335,https://doi.org/10.1097/tld.0000000000000335,1,2026-04-28,1,1,1,1,1,,,,,,,,,,"openalex-round3-sen; hits=sen,adaptive"
R3SB012,BridgeTerms,neurodiversity special educational needs education,Inclusive Augmented and Virtual Reality: A Research Agenda,Chris Creed; Maadh Al-Kalbani; Arthur Theil; Sayan Sarcar; Ian Williams,2023,International Journal of Human-Computer Interaction,journal,10.1080/10447318.2023.2247614,https://doi.org/10.1080/10447318.2023.2247614,92,2026-04-28,1,1,1,1,1,,,,,,,,,,"openalex-round3-sen; hits=sen,adaptive"
R3SB013,BridgeTerms,neurodiversity special educational needs education,‘Someone like-minded in a big place’: Autistic young adults’ attitudes towards autistic peer support in mainstream education,Catherine J Crompton; Sonny Hallett; Harriet Axbey; Christine McAuliffe; Katie Cebula,2022,Autism,journal,10.1177/13623613221081189,https://doi.org/10.1177/13623613221081189,55,2026-04-28,1,1,1,1,1,,,,,,,,,,"openalex-round3-sen; hits=sen,adaptive"
R3SB014,BridgeTerms,neurodiversity special educational needs education,Unraveling Neurodiversity: Insights from Neuroscientific Perspectives,Hagar Goldberg,2023,Encyclopedia,journal,10.3390/encyclopedia3030070,https://doi.org/10.3390/encyclopedia3030070,50,2026-04-28,1,1,1,1,1,,,,,,,,,,"openalex-round3-sen; hits=sen,ai_analytics,observable_signal"
R3SB015,BridgeTerms,neurodiversity special educational needs education,Making the Case for Case Studies,John A. Tetnowski; Charles D. Hughes; Jennifer Tetnowski,2023,Perspectives of the ASHA Special Interest Groups,journal,10.1044/2023_persp-23-00121,https://doi.org/10.1044/2023_persp-23-00121,5,2026-04-28,1,1,1,1,1,,,,,,,,,,"openalex-round3-sen; hits=sen,adaptive,ai_analytics"
R3SB016,BridgeTerms,neurodiversity special educational needs education,From Assistive Technologies to Metaverse—Technologies in Inclusive Higher Education for Students With Specific Learning Difficulties: A Review,Gokul Yenduri; Rajesh Kaluri; Dharmendra Singh Rajput; Kuruva Lakshmanna; Thippa Reddy Gadekallu; Mufti Mahmud; David J. Brown,2023,IEEE Access,review_article,10.1109/access.2023.3289496,https://doi.org/10.1109/access.2023.3289496,78,2026-04-28,1,1,1,1,1,,,,,,,,,,"openalex-round3-sen; hits=sen,adaptive"
R3SB017,BridgeTerms,neurodiversity special educational needs education,"“Camouflaging” by adolescent autistic girls who attend both mainstream and specialist resource classes: Perspectives of girls, their mothers and their educators",Joanne Halsall; Chris Clarke; Laura Crane,2021,Autism,journal,10.1177/13623613211012819,https://doi.org/10.1177/13623613211012819,83,2026-04-28,1,1,1,1,1,,,,,,,,,,"openalex-round3-sen; hits=sen,adaptive"
R3SB018,BridgeTerms,neurodiversity special educational needs education,How I See and Feel About Myself: Domain-Specific Self-Concept and Self-Esteem in Autistic Adults,William Nguyen; Tamara Ownsworth; Chelsea Nicol; David Zimmerman,2020,Frontiers in Psychology,journal,10.3389/fpsyg.2020.00913,https://doi.org/10.3389/fpsyg.2020.00913,63,2026-04-28,1,1,1,1,1,,,,,,,,,,"openalex-round3-sen; hits=sen,adaptive"
R3SB019,BridgeTerms,neurodiversity special educational needs education,"Autism Symptoms, Executive Functioning and Academic Progress in Higher Education Students",Renée Dijkhuis; Leo de Sonneville; Tim Ziermans; Wouter Staal; Hanna Swaab,2020,Journal of Autism and Developmental Disorders,journal,10.1007/s10803-019-04267-8,https://doi.org/10.1007/s10803-019-04267-8,67,2026-04-28,1,1,1,1,1,,,,,,,,,,"openalex-round3-sen; hits=sen,adaptive"
R3SB020,BridgeTerms,neurodiversity special educational needs education,"Community views of neurodiversity, models of disability and autism intervention: Mixed methods reveal shared goals and key tensions",Patrick Dwyer; Ava N. Gurba; Steven K. Kapp; Elizabeth Kilgallon; Lynnette H. Hersh; David S. Chang; Susan M. Rivera; Kristen Gillespie‐Lynch,2024,Autism,journal,10.1177/13623613241273029,https://doi.org/10.1177/13623613241273029,51,2026-04-28,1,1,1,1,1,,,,,,,,,,"openalex-round3-sen; hits=sen,adaptive,ai_analytics"
R3SB021,BridgeTerms,neurodiversity special educational needs education,"Neurodiversity and the Accessible University: Exploring Organizational Barriers, Access Labor and Opportunities for Change",Valeria Borsotti; Andrew Begel; Pernille Bjørn,2024,Proceedings of the ACM on Human-Computer Interaction,journal,10.1145/3641011,https://doi.org/10.1145/3641011,34,2026-04-28,1,1,1,1,1,,,,,,,,,,"openalex-round3-sen; hits=sen,adaptive"
R3SB022,BridgeTerms,neurodiversity special educational needs education,Towards an Ethics of Autism,Kristien Hens,2021,Open Book Publishers,book,10.11647/obp.0261,https://doi.org/10.11647/obp.0261,59,2026-04-28,1,1,1,1,1,,,,,,,,,,"openalex-round3-sen; hits=sen,ai_analytics"
R3SB023,BridgeTerms,neurodiversity special educational needs education,A Reflective Analysis on Neurodiversity and Student Wellbeing,Elliott Spaeth; Amy Pearson,2023,Journal of Perspectives in Applied Academic Practice,journal,10.56433/jpaap.v11i2.517,https://doi.org/10.56433/jpaap.v11i2.517,30,2026-04-28,1,1,1,1,1,,,,,,,,,,"openalex-round3-sen; hits=sen,adaptive"
R3SB024,BridgeTerms,neurodiversity special educational needs education,Neurodiversity and Inclusivity in the Workplace: Biopsychosocial Interventions for Promoting Competitive Advantage,Piper Hutson; James Hutson,2023,Journal of Organizational Psychology,journal,10.33423/jop.v23i2.6159,https://doi.org/10.33423/jop.v23i2.6159,26,2026-04-28,1,1,1,1,1,,,,,,,,,,"openalex-round3-sen; hits=sen,adaptive,observable_signal"
R3SB025,BridgeTerms,neurodiversity special educational needs education,Introduction to this special issue,Jeanne C. Sinkford; Sonya G. Smith,2022,Journal of Dental Education,journal,10.1002/jdd.13074,https://doi.org/10.1002/jdd.13074,1,2026-04-28,1,1,1,1,1,,,,,,,,,,"openalex-round3-sen; hits=sen,adaptive,ai_analytics,observable_signal"
